Answer_ID,Bias
1,0.00154876708984375
2,0.024749755859375
4,0.059722900390625
3,0.025665283203125
1,0.019256591796875
4,0.03076171875
2,0.02398681640625
4,0.0272674560546875
1,0.037445068359375
2,0.048919677734375
2,0.04705810546875
4,0.0174407958984375
2,0.0081634521484375
2,0.04937744140625
2,0.05206298828125
2,0.00909423828125
1,0.009033203125
4,1.9609928131103516e-05
2,0.0479736328125
4,0.00299072265625
2,0.031982421875
2,0.032257080078125
1,0.013763427734375
3,0.0235595703125
2,0.006072998046875
2,8.988380432128906e-05
3,0.0648193359375
2,0.0216827392578125
3,0.08624267578125
2,0.05950927734375
2,0.0022125244140625
1,0.0002627372741699219
3,0.0284423828125
3,0.0241546630859375
3,0.008758544921875
2,0.022064208984375
4,0.0198211669921875
1,0.00010013580322265625
4,0.0036678314208984375
1,0.04608154296875
3,0.0247039794921875
4,0.04193115234375
4,0.021209716796875
2,0.0830078125
1,0.01428985595703125
4,0.04571533203125
3,0.0252227783203125
4,0.002124786376953125
3,0.032623291015625
2,0.045257568359375
3,0.00010544061660766602
1,0.035308837890625
3,0.127685546875
4,0.02508544921875
3,0.04815673828125
1,0.043853759765625
1,0.004913330078125
4,0.040985107421875
3,0.020355224609375
3,0.06683349609375
3,0.055633544921875
1,0.03216552734375
4,0.061492919921875
2,0.0048675537109375
3,0.0027523040771484375
3,0.05517578125
4,0.00183868408203125
3,0.0001583099365234375
3,0.034881591796875
2,0.00032258033752441406
3,5.501508712768555e-05
1,0.0021514892578125
2,0.059814453125
1,0.03466796875
2,0.10235595703125
4,0.057281494140625
1,0.08294677734375
3,0.00656890869140625
3,0.0243988037109375
2,0.044525146484375
4,0.04693603515625
2,0.056884765625
3,0.037506103515625
3,0.06549072265625
4,8.64267349243164e-05
1,0.00018024444580078125
4,0.04217529296875
4,0.023773193359375
2,0.04034423828125
2,0.0006761550903320312
1,0.05792236328125
3,0.039031982421875
1,0.01392364501953125
2,0.00540924072265625
1,0.045928955078125
2,0.0029163360595703125
1,0.029876708984375
3,0.1129150390625
1,0.021453857421875
4,0.027130126953125
2,0.02508544921875
3,0.062408447265625
4,0.01161956787109375
2,0.01544189453125
4,0.018096923828125
3,0.00913238525390625
1,0.0233001708984375
1,0.08245849609375
1,0.0318603515625
1,0.0296783447265625
3,0.059234619140625
2,0.041748046875
3,0.0139617919921875
1,0.0640869140625
2,0.0294036865234375
3,0.09918212890625
1,6.949901580810547e-05
2,0.0235595703125
3,0.01214599609375
2,0.00013363361358642578
1,6.514787673950195e-05
2,0.023468017578125
4,0.0253753662109375
4,0.0006556510925292969
4,0.0279541015625
4,0.0709228515625
4,0.037994384765625
3,0.0743408203125
2,0.00045299530029296875
1,0.028289794921875
4,0.053466796875
1,0.0128631591796875
1,0.05975341796875
2,0.0777587890625
1,4.315376281738281e-05
3,0.048065185546875
3,0.00066375732421875
1,0.00492095947265625
1,0.0251617431640625
1,0.0001621246337890625
3,0.072998046875
4,0.0090179443359375
2,0.0017156600952148438
4,0.0235748291015625
1,0.0005664825439453125
3,0.0172119140625
2,0.03955078125
2,0.02484130859375
4,0.058837890625
2,0.0032501220703125
1,0.044342041015625
3,0.061553955078125
3,0.08807373046875
4,0.01197052001953125
1,0.024505615234375
1,0.0372314453125
3,0.053436279296875
3,0.0736083984375
1,0.0007476806640625
2,0.041778564453125
4,0.0268707275390625
1,0.00021064281463623047
2,0.059417724609375
2,0.0069732666015625
1,0.017578125
1,0.03814697265625
1,0.039337158203125
2,0.046844482421875
3,0.1380615234375
3,0.017333984375
3,0.0001569986343383789
4,0.023406982421875
1,0.027679443359375
3,0.0255126953125
2,0.011993408203125
2,0.09088134765625
4,0.03472900390625
3,0.03338623046875
1,0.0703125
1,0.0587158203125
3,0.0011072158813476562
2,0.058929443359375
4,0.0302734375
2,0.06414794921875
2,0.0113983154296875
3,0.056549072265625
1,0.00032591819763183594
4,0.060333251953125
2,0.057403564453125
3,0.01111602783203125
4,0.048736572265625
1,0.0001709461212158203
3,0.0704345703125
3,0.049346923828125
2,0.0643310546875
1,0.0667724609375
1,0.03277587890625
3,0.01381683349609375
3,0.03350830078125
1,0.0496826171875
2,0.04144287109375
1,0.016815185546875
4,0.01264190673828125
2,0.0015869140625
1,0.035888671875
2,0.044342041015625
3,0.03924560546875
2,0.050079345703125
1,8.106231689453125e-05
2,0.058135986328125
2,0.01568603515625
3,0.0079345703125
3,3.522634506225586e-05
3,0.01222991943359375
2,0.05963134765625
2,0.004093170166015625
4,0.03216552734375
4,0.0177001953125
4,0.038787841796875
3,0.020751953125
4,0.04840087890625
3,0.03369140625
3,0.04302978515625
3,0.016204833984375
3,0.004241943359375
4,0.027008056640625
1,8.863210678100586e-05
4,0.0233917236328125
3,0.050506591796875
3,0.062469482421875
1,0.0323486328125
2,0.036376953125
1,0.01334381103515625
1,7.134675979614258e-05
4,0.035797119140625
4,0.0263214111328125
3,0.052276611328125
4,0.0302886962890625
2,0.074951171875
3,0.03277587890625
3,7.50422477722168e-05
4,0.027740478515625
3,0.047027587890625
1,0.007770538330078125
4,0.06597900390625
3,0.0150909423828125
3,0.0010118484497070312
3,0.045196533203125
1,0.053192138671875
2,0.005847930908203125
1,0.039337158203125
1,0.03228759765625
2,5.644559860229492e-05
2,0.0251312255859375
2,0.0308685302734375
2,0.03680419921875
1,0.0379638671875
1,0.0006527900695800781
4,0.05279541015625
3,0.041107177734375
4,8.165836334228516e-05
4,0.0031261444091796875
2,0.0026378631591796875
4,0.039306640625
4,0.10693359375
1,0.003444671630859375
3,0.0826416015625
2,0.02374267578125
3,0.00021195411682128906
3,0.005985260009765625
3,0.0272674560546875
3,0.048614501953125
4,0.014892578125
2,0.0002073049545288086
3,0.00031828880310058594
4,0.00013184547424316406
3,0.0229949951171875
3,0.052459716796875
2,0.0002665519714355469
4,0.020660400390625
2,0.0011625289916992188
1,0.01568603515625
2,0.0161285400390625
2,0.027496337890625
2,0.0167999267578125
3,0.00040435791015625
2,0.0273590087890625
1,0.03253173828125
3,0.0265350341796875
2,0.05755615234375
1,0.0197296142578125
1,0.0003151893615722656
4,0.10595703125
4,0.040985107421875
1,0.00095367431640625
2,0.053375244140625
4,0.0186767578125
3,0.0015048980712890625
2,0.03509521484375
4,0.004608154296875
1,0.0008916854858398438
2,8.177757263183594e-05
1,0.01323699951171875
4,0.039825439453125
4,4.6312808990478516e-05
1,0.06756591796875
2,0.04656982421875
2,0.00628662109375
4,0.045684814453125
1,0.04571533203125
2,0.0008916854858398438
4,0.02593994140625
4,0.02764892578125
4,0.045654296875
2,0.02301025390625
1,0.013397216796875
1,0.07611083984375
3,6.109476089477539e-05
3,0.04583740234375
2,0.0071868896484375
4,0.04901123046875
3,0.1138916015625
2,0.033355712890625
4,0.0017518997192382812
1,0.00025725364685058594
2,0.00750732421875
2,0.022308349609375
1,0.046112060546875
2,0.023590087890625
2,4.392862319946289e-05
1,0.032684326171875
3,0.0243682861328125
4,0.001735687255859375
1,0.016510009765625
2,0.059600830078125
3,0.0869140625
2,0.07049560546875
2,0.0413818359375
2,0.01517486572265625
4,0.0005216598510742188
3,0.055084228515625
3,5.543231964111328e-05
4,0.03118896484375
2,0.061614990234375
1,0.0005927085876464844
3,0.05731201171875
4,0.027679443359375
4,0.027587890625
2,0.11370849609375
1,0.02325439453125
4,0.03253173828125
1,0.09210205078125
1,0.0235748291015625
3,0.0188446044921875
4,0.045013427734375
2,0.06475830078125
1,0.09075927734375
1,0.0005960464477539062
2,0.0113372802734375
4,0.05029296875
1,0.10809326171875
1,0.00011152029037475586
2,0.05877685546875
1,0.0173797607421875
1,0.052520751953125
1,9.417533874511719e-06
2,0.060577392578125
2,0.0005621910095214844
2,0.002391815185546875
1,1.728534698486328e-05
1,0.11639404296875
2,0.04534912109375
4,0.009765625
1,0.047210693359375
3,0.0249176025390625
3,0.038726806640625
3,0.009063720703125
4,0.0058746337890625
3,3.135204315185547e-05
1,0.038055419921875
2,0.004467010498046875
1,0.06494140625
3,0.0206298828125
1,0.022857666015625
1,0.03570556640625
2,0.0160064697265625
3,9.769201278686523e-05
4,0.083740234375
3,0.128662109375
1,0.00975799560546875
3,0.0012292861938476562
3,0.016510009765625
4,0.0290069580078125
2,0.04351806640625
1,0.01476287841796875
1,0.020843505859375
2,0.0128173828125
4,0.021209716796875
2,0.02154541015625
4,0.0206298828125
1,0.006046295166015625
3,0.03607177734375
2,0.054412841796875
3,0.0011844635009765625
3,0.05621337890625
3,0.0268096923828125
1,0.0184326171875
3,0.00408172607421875
4,0.054229736328125
1,0.00013816356658935547
1,0.033843994140625
2,0.045440673828125
3,0.038543701171875
2,0.01078033447265625
2,0.022247314453125
4,0.02325439453125
4,0.0027065277099609375
4,0.043670654296875
2,0.0704345703125
2,0.00982666015625
3,0.01129913330078125
3,0.017822265625
1,0.04095458984375
4,0.038818359375
2,0.0341796875
4,0.0008645057678222656
1,0.0093536376953125
1,0.07525634765625
4,0.016571044921875
4,0.04150390625
4,0.050018310546875
3,0.013946533203125
1,0.0635986328125
1,0.042999267578125
4,0.048797607421875
2,0.0279083251953125
1,0.00029778480529785156
4,0.00433349609375
2,0.00670623779296875
2,0.047607421875
3,0.04791259765625
4,0.03948974609375
1,0.01305389404296875
2,0.030059814453125
1,1.2755393981933594e-05
1,0.040924072265625
1,0.016387939453125
3,0.004497528076171875
1,0.007511138916015625
3,0.0638427734375
2,0.004852294921875
2,3.337860107421875e-06
2,0.07757568359375
3,0.0132598876953125
3,0.0066680908203125
4,0.035552978515625
1,0.020233154296875
4,0.03094482421875
2,0.021820068359375
1,0.03155517578125
1,3.695487976074219e-05
1,0.0311737060546875
1,0.0450439453125
3,5.7220458984375e-05
4,0.0009031295776367188
3,0.045379638671875
2,0.00013208389282226562
1,0.031402587890625
2,0.048248291015625
4,0.05450439453125
1,4.3392181396484375e-05
4,0.0029392242431640625
4,7.206201553344727e-05
3,0.0279083251953125
1,0.0272674560546875
1,0.0006313323974609375
4,0.053802490234375
1,0.04766845703125
4,0.03656005859375
1,0.03143310546875
1,0.00010579824447631836
2,0.0718994140625
2,0.04248046875
1,0.0005426406860351562
4,0.0167083740234375
1,0.00019288063049316406
3,0.007183074951171875
1,0.049346923828125
2,0.059783935546875
1,3.987550735473633e-05
3,0.047088623046875
2,0.0268096923828125
4,0.00951385498046875
1,0.024078369140625
2,0.0411376953125
2,0.0210418701171875
2,0.0205078125
4,0.01277923583984375
1,5.84721565246582e-05
3,0.02154541015625
3,0.06280517578125
3,0.06292724609375
4,0.042877197265625
4,0.00887298583984375
2,0.00116729736328125
3,0.0225372314453125
4,0.0215301513671875
2,0.019195556640625
2,0.0016698837280273438
1,0.047393798828125
2,0.0311126708984375
2,0.0053863525390625
1,0.041534423828125
1,0.01617431640625
4,0.0007891654968261719
1,0.00463104248046875
3,4.458427429199219e-05
1,0.07720947265625
2,7.063150405883789e-05
4,0.037628173828125
4,0.0152435302734375
4,0.007122039794921875
4,3.826618194580078e-05
1,0.056640625
2,0.017242431640625
3,0.03753662109375
4,0.0140228271484375
4,0.00922393798828125
4,0.0164031982421875
4,0.0006875991821289062
1,1.9848346710205078e-05
1,0.00011199712753295898
2,0.0199432373046875
4,0.0284423828125
1,5.507469177246094e-05
1,0.06732177734375
4,3.606081008911133e-05
1,0.11798095703125
1,0.0618896484375
2,0.088134765625
3,0.015106201171875
4,0.03240966796875
1,0.0001042485237121582
1,0.047882080078125
2,0.0694580078125
1,0.03125
2,0.005580902099609375
2,0.004283905029296875
3,0.06158447265625
3,0.0386962890625
1,0.027740478515625
2,8.440017700195312e-05
3,0.0007948875427246094
2,0.0303497314453125
4,0.0245819091796875
1,0.0003314018249511719
3,0.055419921875
1,0.01314544677734375
1,0.0081329345703125
1,0.059661865234375
3,0.0007686614990234375
1,0.01041412353515625
3,0.002178192138671875
3,0.00022912025451660156
4,0.0193939208984375
2,0.028656005859375
1,0.00015044212341308594
2,0.061065673828125
4,0.0292205810546875
3,0.01934814453125
4,0.044189453125
1,0.031707763671875
4,0.0462646484375
2,0.0041656494140625
4,0.002834320068359375
1,0.0012254714965820312
2,0.0180511474609375
3,0.048248291015625
2,0.0006365776062011719
2,0.07940673828125
1,0.078125
1,0.0253143310546875
4,0.0682373046875
4,0.01337432861328125
1,1.3828277587890625e-05
1,7.367134094238281e-05
3,0.002368927001953125
4,0.052215576171875
1,0.02691650390625
1,0.03912353515625
4,0.06787109375
2,0.00022470951080322266
1,0.053497314453125
3,0.01514434814453125
4,0.040008544921875
3,0.004802703857421875
1,0.0303497314453125
2,0.00017917156219482422
2,7.569789886474609e-06
2,0.061553955078125
2,0.0283203125
1,0.039886474609375
1,7.808208465576172e-06
3,0.005222320556640625
1,0.0008673667907714844
4,0.1064453125
1,0.0011072158813476562
1,0.0018606185913085938
3,0.003292083740234375
3,0.00830078125
4,0.01800537109375
2,0.065673828125
3,0.0257110595703125
1,0.0272369384765625
2,0.061431884765625
3,0.042388916015625
4,0.01116943359375
3,0.06280517578125
2,0.06976318359375
2,0.01218414306640625
2,2.855062484741211e-05
1,0.04754638671875
1,6.949901580810547e-05
4,0.0018863677978515625
1,0.053863525390625
1,0.01291656494140625
2,0.0229034423828125
2,0.02392578125
4,0.0008573532104492188
4,0.007534027099609375
1,0.016632080078125
2,0.00237274169921875
4,0.0123748779296875
4,0.01528167724609375
1,0.033966064453125
1,0.0018835067749023438
2,0.01364898681640625
3,0.00914764404296875
4,0.032135009765625
4,0.043121337890625
3,0.00360870361328125
2,0.00560760498046875
1,0.05938720703125
4,0.03851318359375
4,0.017974853515625
1,0.01788330078125
2,6.35385513305664e-05
4,0.055694580078125
1,0.055694580078125
3,0.034912109375
3,0.0016727447509765625
4,4.744529724121094e-05
2,0.00115203857421875
3,0.0294647216796875
1,0.03985595703125
2,0.0301361083984375
4,0.023834228515625
3,1.430511474609375e-05
1,0.045623779296875
1,0.00870513916015625
1,0.05426025390625
2,0.02294921875
1,0.0004494190216064453
2,0.0007843971252441406
4,0.00048828125
1,0.026824951171875
4,0.0885009765625
4,0.016204833984375
1,0.0004551410675048828
4,0.00013935565948486328
2,0.0198822021484375
2,0.03338623046875
1,0.053070068359375
1,0.00937652587890625
3,0.033538818359375
4,0.007305145263671875
1,0.025238037109375
4,0.02581787109375
1,0.03668212890625
2,0.0285186767578125
3,0.04248046875
4,0.00887298583984375
2,0.004131317138671875
1,0.026275634765625
2,0.03289794921875
3,0.03076171875
2,0.00812530517578125
2,0.09698486328125
4,4.661083221435547e-05
3,0.047576904296875
2,0.0013036727905273438
2,0.0001239776611328125
2,0.036102294921875
1,0.0166168212890625
2,0.031005859375
1,0.00020051002502441406
3,0.0003724098205566406
1,0.08148193359375
1,0.072265625
4,0.0133819580078125
4,0.0252532958984375
1,0.040435791015625
3,0.005340576171875
3,0.026947021484375
3,0.0160064697265625
1,5.3882598876953125e-05
3,0.046295166015625
2,0.0006947517395019531
2,0.07208251953125
1,0.051544189453125
2,0.039825439453125
3,4.017353057861328e-05
1,0.00506591796875
2,0.033843994140625
1,0.058563232421875
4,0.0140533447265625
2,0.000957489013671875
1,0.05438232421875
2,0.029571533203125
1,0.01198577880859375
4,0.0018510818481445312
1,0.059234619140625
3,0.00989532470703125
2,0.043487548828125
4,0.039886474609375
2,0.0648193359375
1,0.001209259033203125
1,0.045928955078125
2,5.459785461425781e-05
3,0.0022735595703125
4,3.427267074584961e-05
3,0.00022733211517333984
1,0.025360107421875
1,0.029022216796875
2,0.033660888671875
4,0.05328369140625
4,0.00022864341735839844
1,0.0667724609375
2,6.943941116333008e-05
1,0.0430908203125
1,0.0301055908203125
1,0.0003561973571777344
1,0.0114593505859375
2,0.045654296875
3,0.045196533203125
2,0.041351318359375
4,0.0151519775390625
3,0.017242431640625
1,0.0142669677734375
1,0.00019180774688720703
3,0.05328369140625
4,0.042266845703125
2,0.0633544921875
3,0.004184722900390625
1,0.0272674560546875
4,0.050323486328125
3,0.031158447265625
1,0.0002338886260986328
1,0.0084686279296875
1,0.007450103759765625
4,3.8623809814453125e-05
1,0.00982666015625
2,0.01096343994140625
3,0.027435302734375
2,0.002872467041015625
3,0.01629638671875
2,0.09674072265625
2,0.0236663818359375
3,0.0200347900390625
1,0.05419921875
2,0.06536865234375
2,0.027496337890625
3,0.05035400390625
3,0.00015974044799804688
1,0.04095458984375
2,0.03643798828125
4,0.019134521484375
2,0.055755615234375
4,0.00025725364685058594
2,0.001804351806640625
4,0.008148193359375
4,0.0033931732177734375
3,0.06512451171875
3,5.9723854064941406e-05
2,0.0316162109375
1,0.01532745361328125
1,0.055694580078125
2,0.0208587646484375
2,0.0246734619140625
3,0.00040411949157714844
1,0.02508544921875
3,0.09576416015625
1,0.0269317626953125
4,0.047943115234375
1,0.084228515625
4,0.048126220703125
2,0.0007581710815429688
2,0.00814056396484375
2,0.046630859375
1,0.006229400634765625
1,0.01319122314453125
3,4.589557647705078e-05
1,0.04779052734375
3,0.0618896484375
2,0.0216064453125
1,0.058685302734375
1,0.0007786750793457031
3,9.22083854675293e-05
2,0.0672607421875
1,0.0002963542938232422
1,0.0035266876220703125
1,0.045989990234375
1,0.006816864013671875
2,0.044036865234375
1,0.08746337890625
2,0.0269012451171875
3,0.0005674362182617188
4,0.0386962890625
1,0.0011959075927734375
2,0.0188446044921875
2,0.06982421875
2,0.055877685546875
2,0.0709228515625
4,0.035125732421875
3,0.013397216796875
3,0.07440185546875
2,0.08978271484375
1,0.0290679931640625
2,0.066162109375
1,0.010955810546875
3,8.416175842285156e-05
3,0.033935546875
4,0.0033435821533203125
1,0.041473388671875
2,0.022247314453125
1,0.0034046173095703125
1,0.0021839141845703125
1,0.02783203125
4,0.032928466796875
3,0.023895263671875
2,0.0595703125
1,0.041229248046875
4,0.0208282470703125
1,0.004695892333984375
3,0.0307464599609375
1,2.586841583251953e-05
2,0.07135009765625
2,0.0250091552734375
1,0.00026106834411621094
3,0.061309814453125
4,0.06756591796875
4,0.03912353515625
3,0.00026798248291015625
3,0.0168609619140625
3,0.050994873046875
1,0.05999755859375
1,0.0309295654296875
2,0.057952880859375
3,0.0003533363342285156
2,0.00013387203216552734
1,0.013427734375
4,0.0190582275390625
2,0.033111572265625
2,0.0328369140625
3,0.009033203125
3,0.0289764404296875
2,6.097555160522461e-05
1,0.03607177734375
3,0.00237274169921875
3,0.01495361328125
1,0.0281524658203125
1,0.01432037353515625
3,0.07318115234375
1,0.0787353515625
1,0.048248291015625
2,0.0033359527587890625
2,0.059814453125
4,0.01378631591796875
2,3.463029861450195e-05
1,0.043182373046875
4,0.0073394775390625
3,0.0006265640258789062
3,0.0406494140625
4,0.0010976791381835938
3,0.037933349609375
3,0.024139404296875
3,0.045989990234375
3,0.032012939453125
2,0.049102783203125
1,0.06378173828125
2,0.0181732177734375
4,0.0220489501953125
1,0.03411865234375
1,0.030242919921875
2,0.03790283203125
2,0.053009033203125
2,2.9146671295166016e-05
1,0.03472900390625
4,0.03717041015625
3,0.0013885498046875
2,0.0050506591796875
1,0.017913818359375
1,0.0008983612060546875
2,0.0633544921875
4,0.0186767578125
4,0.056884765625
1,0.00998687744140625
3,0.0654296875
1,0.07733154296875
1,0.0009832382202148438
2,0.022552490234375
1,0.001316070556640625
4,0.00383758544921875
2,0.033966064453125
3,0.0194091796875
4,0.0199737548828125
4,0.0428466796875
1,6.306171417236328e-05
3,0.0626220703125
3,0.0325927734375
1,0.00283050537109375
3,0.0594482421875
3,0.005542755126953125
3,0.00252532958984375
3,0.01334381103515625
1,0.02679443359375
1,0.0237274169921875
1,0.00038242340087890625
1,0.00019121170043945312
3,0.0004963874816894531
2,0.027587890625
3,0.07049560546875
4,0.08465576171875
3,0.0274505615234375
1,0.0007739067077636719
3,0.01396942138671875
2,0.0005006790161132812
4,0.055084228515625
2,0.0186004638671875
1,0.1015625
1,0.004505157470703125
3,0.031463623046875
3,0.10504150390625
4,0.03759765625
3,0.0120086669921875
2,0.01654052734375
2,0.01824951171875
4,0.006374359130859375
2,0.03466796875
3,0.060272216796875
4,0.050933837890625
1,0.06683349609375
1,0.035919189453125
4,0.0278167724609375
2,0.0246429443359375
2,0.02001953125
4,0.022613525390625
1,0.01434326171875
1,0.01153564453125
1,0.00017511844635009766
3,0.048004150390625
4,0.0579833984375
3,0.046905517578125
1,0.031158447265625
1,0.0556640625
2,0.0545654296875
2,0.0504150390625
1,0.0506591796875
1,0.0042266845703125
1,7.873773574829102e-05
4,0.005832672119140625
2,0.07318115234375
1,0.033843994140625
3,0.016387939453125
2,0.0477294921875
3,0.0003428459167480469
1,0.015869140625
2,0.01922607421875
4,0.0430908203125
3,0.0008983612060546875
2,0.0001443624496459961
1,0.005748748779296875
2,0.06805419921875
4,0.01534271240234375
1,0.01312255859375
3,0.05548095703125
2,0.0287628173828125
2,0.0261077880859375
2,0.0849609375
1,0.0012121200561523438
3,0.0135040283203125
2,0.042083740234375
1,0.039459228515625
4,0.004810333251953125
1,0.0264892578125
3,0.035858154296875
2,0.0272674560546875
1,0.067626953125
3,0.0249786376953125
2,0.036590576171875
4,0.04876708984375
3,0.029693603515625
1,0.036834716796875
3,0.0276947021484375
1,0.0309906005859375
1,0.047393798828125
1,0.0090179443359375
3,0.042572021484375
3,0.002613067626953125
3,0.0173492431640625
2,0.05242919921875
2,0.0489501953125
3,0.06622314453125
1,0.077392578125
1,0.035430908203125
1,0.0171661376953125
1,0.08026123046875
4,0.0134429931640625
1,0.0239715576171875
2,0.02801513671875
3,3.4868717193603516e-05
1,0.016387939453125
4,0.0001671314239501953
2,0.014801025390625
4,0.0426025390625
3,0.0194549560546875
2,0.0001842975616455078
1,0.06329345703125
2,0.0221710205078125
2,0.0225830078125
1,0.0517578125
1,9.083747863769531e-05
2,0.04205322265625
3,0.028594970703125
1,0.055023193359375
4,8.893013000488281e-05
4,0.057342529296875
4,0.0194549560546875
4,0.0240631103515625
3,0.039093017578125
2,0.007221221923828125
4,0.0150146484375
2,0.022552490234375
1,0.01824951171875
3,0.0006384849548339844
3,0.049957275390625
4,0.0103912353515625
3,0.0313720703125
1,0.055450439453125
3,0.0012378692626953125
2,0.0273590087890625
3,0.04351806640625
3,0.01438140869140625
3,0.0235748291015625
4,0.04107666015625
1,1.7523765563964844e-05
3,0.034393310546875
1,0.016510009765625
2,6.42538070678711e-05
1,0.052947998046875
4,0.032257080078125
2,0.052154541015625
2,0.020233154296875
4,0.05096435546875
4,0.0306549072265625
1,0.01397705078125
4,0.0635986328125
2,9.655952453613281e-05
2,0.006351470947265625
1,0.05792236328125
3,0.0130767822265625
1,0.035980224609375
1,0.047210693359375
3,0.058441162109375
3,0.0321044921875
2,0.0278167724609375
3,0.014801025390625
1,0.050323486328125
4,0.007843017578125
1,0.033203125
1,0.052947998046875
2,0.0228729248046875
1,0.0748291015625
2,0.01708984375
1,0.0105438232421875
1,7.992982864379883e-05
4,2.396106719970703e-05
1,0.00013720989227294922
3,0.022979736328125
1,0.0318603515625
4,0.0313720703125
1,0.1053466796875
1,0.0242919921875
2,0.0244293212890625
3,0.023529052734375
4,0.047088623046875
3,0.045806884765625
4,0.06536865234375
1,0.020050048828125
2,0.0565185546875
2,0.04412841796875
2,0.07867431640625
1,0.04693603515625
1,0.076904296875
2,0.067626953125
3,0.00038743019104003906
1,0.020172119140625
2,0.07073974609375
3,0.06890869140625
2,0.00022661685943603516
4,0.02777099609375
3,0.02117919921875
3,0.0208587646484375
4,0.01776123046875
3,0.02325439453125
2,0.018402099609375
2,0.024261474609375
4,0.0654296875
3,0.0017862319946289062
1,0.0001932382583618164
1,8.022785186767578e-05
3,1.049041748046875e-05
2,0.0177764892578125
1,0.00445556640625
3,0.0814208984375
3,1.5676021575927734e-05
3,0.022979736328125
3,3.0279159545898438e-05
4,0.02044677734375
3,0.00031948089599609375
4,0.043060302734375
1,0.048858642578125
4,0.01285552978515625
3,4.2498111724853516e-05
2,0.09674072265625
4,0.06695556640625
2,0.03179931640625
3,0.037322998046875
1,0.039398193359375
1,5.14984130859375e-05
1,0.047027587890625
4,0.10302734375
2,0.0302581787109375
2,0.01419830322265625
4,0.04412841796875
2,0.0203857421875
1,0.00013017654418945312
4,0.0865478515625
3,0.014617919921875
2,0.050994873046875
2,0.0054473876953125
1,0.01203155517578125
1,0.006580352783203125
1,0.04876708984375
1,0.0268707275390625
4,0.0297698974609375
1,0.026031494140625
1,0.01215362548828125
1,0.0010051727294921875
4,0.042572021484375
2,0.0867919921875
4,4.1365623474121094e-05
4,0.0276947021484375
2,0.00795745849609375
3,0.00012445449829101562
1,5.930662155151367e-05
1,0.03997802734375
3,0.044830322265625
3,0.0396728515625
4,0.0035686492919921875
4,0.114501953125
2,8.046627044677734e-05
1,0.05010986328125
3,0.067626953125
4,0.0011444091796875
3,0.055908203125
2,0.0027217864990234375
1,0.0312347412109375
4,0.04730224609375
3,6.031990051269531e-05
2,0.09002685546875
1,0.05328369140625
3,0.0297393798828125
4,0.028228759765625
1,0.044525146484375
2,0.048492431640625
3,1.8358230590820312e-05
3,0.06292724609375
2,0.01143646240234375
4,0.02703857421875
2,0.07110595703125
2,0.00821685791015625
4,0.0157928466796875
2,0.0230712890625
3,0.00678253173828125
1,0.04425048828125
1,0.0239105224609375
1,0.03656005859375
4,0.0263214111328125
2,0.00887298583984375
2,0.04327392578125
3,0.0816650390625
3,0.025604248046875
3,0.06756591796875
1,0.0292816162109375
3,0.0296478271484375
4,0.06781005859375
3,0.00919342041015625
2,0.01308441162109375
3,0.00017142295837402344
1,0.067138671875
2,0.04083251953125
3,2.9206275939941406e-05
4,7.838010787963867e-05
2,0.00010955333709716797
2,2.1755695343017578e-05
2,0.039154052734375
4,0.0294647216796875
2,0.056793212890625
3,0.039642333984375
1,0.043304443359375
3,0.02099609375
4,0.04168701171875
4,0.0001760721206665039
4,0.022918701171875
1,0.0291900634765625
2,0.056060791015625
4,0.0037822723388671875
4,0.007904052734375
1,0.0180206298828125
4,0.0110626220703125
4,0.041015625
1,0.0190277099609375
1,0.036376953125
2,0.00102996826171875
2,0.00208282470703125
1,0.018096923828125
2,0.0438232421875
1,0.074462890625
4,0.03314208984375
1,0.0089569091796875
1,0.03253173828125
2,0.0170135498046875
2,0.01342010498046875
3,0.014068603515625
3,0.058624267578125
3,0.038482666015625
2,0.04241943359375
1,0.039306640625
3,0.0745849609375
2,0.006649017333984375
1,0.037445068359375
3,0.052215576171875
3,0.0654296875
2,6.306171417236328e-05
2,0.03924560546875
2,0.034332275390625
4,0.0010728836059570312
4,0.0233306884765625
4,0.027008056640625
1,0.03759765625
2,0.0135955810546875
3,0.053253173828125
2,0.0025463104248046875
2,0.034149169921875
3,0.046722412109375
4,0.0299224853515625
2,0.053253173828125
2,0.0450439453125
4,0.01154327392578125
2,0.10980224609375
2,0.026519775390625
2,0.040863037109375
4,0.05419921875
2,0.0416259765625
1,0.05816650390625
2,0.0199127197265625
3,0.0364990234375
2,0.053375244140625
4,0.06585693359375
3,0.031494140625
2,0.032958984375
3,0.07659912109375
1,0.024566650390625
2,0.0272369384765625
1,0.04412841796875
3,0.05706787109375
4,0.071044921875
2,0.058929443359375
1,0.0003190040588378906
3,0.016815185546875
1,0.04052734375
4,0.0304412841796875
4,0.0099945068359375
3,1.2576580047607422e-05
3,0.035736083984375
2,0.01052093505859375
2,0.05078125
2,0.0303192138671875
4,0.00019168853759765625
2,0.04583740234375
4,0.0180816650390625
2,0.0263824462890625
4,0.0001952648162841797
1,0.06964111328125
1,0.06298828125
2,0.01418304443359375
3,0.08868408203125
1,0.020263671875
4,0.0183258056640625
2,0.0033855438232421875
1,0.07403564453125
2,0.017181396484375
1,4.315376281738281e-05
4,0.014190673828125
1,0.0141754150390625
1,0.12744140625
3,0.02056884765625
1,0.07440185546875
3,0.08843994140625
1,0.045135498046875
2,0.0215301513671875
1,0.06793212890625
3,0.0140838623046875
1,0.023956298828125
2,0.003753662109375
4,0.014923095703125
3,5.9485435485839844e-05
2,0.1075439453125
3,0.036407470703125
4,0.01178741455078125
4,0.010650634765625
2,0.03399658203125
2,0.0002617835998535156
4,0.0648193359375
3,0.0269622802734375
2,0.053466796875
1,0.044281005859375
4,0.00197601318359375
2,0.009979248046875
1,0.00250244140625
3,0.06866455078125
2,0.004039764404296875
2,0.06121826171875
3,6.67572021484375e-05
1,0.00022745132446289062
2,0.04876708984375
3,0.048370361328125
4,0.055938720703125
4,0.041595458984375
3,0.037933349609375
1,0.0305328369140625
1,0.00335693359375
3,0.060821533203125
2,0.052093505859375
1,1.0132789611816406e-05
4,0.056060791015625
1,0.0633544921875
4,0.02313232421875
3,0.050323486328125
2,0.012176513671875
1,0.049560546875
4,0.01136016845703125
3,0.040618896484375
4,0.0085601806640625
1,0.0401611328125
2,0.0007524490356445312
2,0.02703857421875
1,0.06463623046875
1,0.0121612548828125
1,0.0004277229309082031
2,0.0244598388671875
2,0.0303802490234375
2,0.00014126300811767578
1,0.06976318359375
1,0.032928466796875
3,0.02239990234375
3,0.0152435302734375
4,0.0196685791015625
4,0.06707763671875
3,0.002712249755859375
2,0.046844482421875
2,0.0355224609375
3,0.01605224609375
2,9.5367431640625e-05
1,0.0523681640625
2,0.07928466796875
2,0.042938232421875
2,0.059722900390625
3,0.0021572113037109375
2,0.03106689453125
4,0.0136871337890625
2,0.003833770751953125
1,0.04345703125
2,5.14984130859375e-05
4,0.002105712890625
4,0.021697998046875
3,0.00096893310546875
2,0.054107666015625
1,0.054351806640625
3,5.7816505432128906e-05
2,0.0182037353515625
2,0.071533203125
2,0.0823974609375
1,5.7578086853027344e-05
2,0.031646728515625
1,0.0006518363952636719
3,0.00022459030151367188
3,0.0017366409301757812
1,0.0863037109375
4,0.0675048828125
1,0.0193328857421875
1,0.057037353515625
4,0.0579833984375
1,0.01312255859375
4,0.03076171875
4,0.00020647048950195312
4,0.0980224609375
3,0.0667724609375
1,0.03173828125
3,8.761882781982422e-05
2,0.0413818359375
4,0.05670166015625
2,0.06634521484375
2,0.009063720703125
3,0.0582275390625
4,0.0026531219482421875
3,0.03204345703125
3,1.919269561767578e-05
3,0.0445556640625
4,0.004001617431640625
3,0.03173828125
2,0.031036376953125
4,0.040313720703125
3,0.00022733211517333984
1,0.05169677734375
1,0.0096282958984375
1,0.04290771484375
1,0.00981903076171875
3,0.0003447532653808594
1,0.08404541015625
2,0.0296173095703125
2,3.802776336669922e-05
1,0.04498291015625
2,0.0775146484375
3,0.0002846717834472656
4,0.0260009765625
3,0.040679931640625
4,0.0123291015625
2,0.0018758773803710938
2,0.01433563232421875
2,0.0281982421875
3,0.05596923828125
4,0.00945281982421875
4,4.696846008300781e-05
2,0.01343536376953125
3,0.0270843505859375
1,6.330013275146484e-05
2,0.025482177734375
1,0.0155792236328125
1,0.01299285888671875
3,0.043182373046875
3,0.035858154296875
2,0.041046142578125
1,0.0010986328125
1,0.053466796875
1,0.0027713775634765625
1,0.046234130859375
1,0.0186004638671875
2,0.044036865234375
3,0.03302001953125
4,0.0280914306640625
3,0.051513671875
4,0.033599853515625
3,0.082763671875
4,0.0173492431640625
4,0.00058746337890625
1,1.0132789611816406e-05
2,0.033905029296875
3,0.0170135498046875
4,0.026824951171875
4,0.02142333984375
3,0.04443359375
3,0.0176544189453125
3,0.040252685546875
1,0.047027587890625
2,0.00017178058624267578
2,0.00833892822265625
1,0.04248046875
4,0.0003151893615722656
2,0.00029850006103515625
4,0.0257720947265625
3,0.0733642578125
3,0.038482666015625
2,0.051177978515625
2,0.026824951171875
1,0.005809783935546875
1,0.0927734375
4,0.03948974609375
3,0.04022216796875
1,0.08447265625
4,0.0010633468627929688
1,0.0020008087158203125
2,0.0399169921875
1,0.021942138671875
4,0.005084991455078125
3,8.857250213623047e-05
1,0.004726409912109375
4,0.0517578125
3,0.008758544921875
1,0.05145263671875
4,0.0007619857788085938
3,0.002262115478515625
1,0.00012493133544921875
1,1.0251998901367188e-05
3,0.072998046875
1,0.0333251953125
2,0.01715087890625
4,0.00110626220703125
4,0.039764404296875
1,0.017822265625
2,8.392333984375e-05
1,0.0084991455078125
1,0.016387939453125
1,0.0276031494140625
1,0.034088134765625
1,0.0174407958984375
1,0.05718994140625
2,0.039459228515625
2,0.0246124267578125
1,0.03680419921875
3,0.0004291534423828125
3,0.007740020751953125
2,0.049591064453125
3,0.0002551078796386719
4,8.362531661987305e-05
3,0.0258636474609375
3,0.026397705078125
2,0.08154296875
2,0.0112762451171875
3,0.0128021240234375
3,0.0272216796875
1,0.08843994140625
3,0.0248870849609375
2,0.00013434886932373047
4,0.0828857421875
1,0.00437164306640625
2,1.4603137969970703e-05
4,0.0018835067749023438
3,9.369850158691406e-05
1,0.0003371238708496094
1,0.0017557144165039062
1,0.035369873046875
1,0.00014138221740722656
1,0.04705810546875
3,0.03558349609375
3,0.0165252685546875
3,0.0182037353515625
1,0.047576904296875
4,0.0640869140625
1,0.024749755859375
1,0.001720428466796875
3,0.033355712890625
1,0.01280975341796875
1,0.0755615234375
2,0.044097900390625
1,0.0231781005859375
1,0.00024175643920898438
3,0.031158447265625
3,0.046783447265625
2,0.027496337890625
2,0.00023353099822998047
3,0.033294677734375
2,0.01302337646484375
4,4.976987838745117e-05
3,0.00923919677734375
2,0.0033626556396484375
2,0.0003104209899902344
2,0.0167236328125
1,0.0655517578125
4,0.078857421875
3,0.04144287109375
4,0.00016546249389648438
2,0.00045680999755859375
3,0.0986328125
2,0.05889892578125
3,0.0198211669921875
3,7.87973403930664e-05
2,0.045745849609375
2,0.020263671875
4,0.09674072265625
1,0.0007109642028808594
2,0.007564544677734375
4,0.0166015625
3,0.04656982421875
1,0.0270843505859375
4,0.08526611328125
2,0.058990478515625
3,0.06597900390625
1,0.114990234375
4,0.0196685791015625
1,0.0274658203125
2,0.055755615234375
4,0.0309906005859375
1,0.0183868408203125
2,0.03350830078125
2,0.04962158203125
2,0.01381683349609375
1,1.138448715209961e-05
4,0.028533935546875
4,0.034393310546875
1,0.08673095703125
1,0.0280609130859375
1,0.0465087890625
3,0.0233612060546875
2,0.03271484375
2,0.029296875
2,0.006404876708984375
4,0.04296875
2,0.05242919921875
3,0.006282806396484375
3,0.0308685302734375
1,0.0015249252319335938
1,0.00040268898010253906
3,0.061431884765625
1,0.03680419921875
1,0.0211334228515625
3,0.009521484375
2,0.06378173828125
1,0.00016188621520996094
1,0.0264892578125
4,0.043060302734375
4,0.0009775161743164062
2,0.1251220703125
2,0.03448486328125
1,0.10113525390625
1,0.03759765625
1,7.617473602294922e-05
4,0.02618408203125
2,0.04132080078125
1,0.005950927734375
3,0.07171630859375
2,0.007965087890625
2,0.000926971435546875
3,0.09381103515625
4,0.0015287399291992188
1,0.0015974044799804688
1,0.0121307373046875
3,0.08599853515625
3,0.005496978759765625
3,0.034027099609375
1,0.0006995201110839844
3,0.0005030632019042969
3,0.0096282958984375
4,0.046295166015625
2,0.01317596435546875
1,0.1427001953125
2,0.01062774658203125
1,3.3974647521972656e-05
1,0.00033164024353027344
2,0.012451171875
1,0.037750244140625
4,0.050567626953125
3,4.875659942626953e-05
2,0.01073455810546875
2,0.03338623046875
1,0.07763671875
1,0.0546875
2,0.0618896484375
3,4.7326087951660156e-05
2,0.0194244384765625
3,0.11688232421875
1,0.05572509765625
2,0.0728759765625
2,0.06719970703125
2,2.759695053100586e-05
1,0.03961181640625
1,6.651878356933594e-05
1,0.0389404296875
1,3.3020973205566406e-05
3,0.0240478515625
4,0.00021839141845703125
2,0.0002541542053222656
2,0.051544189453125
2,1.7762184143066406e-05
3,0.00655364990234375
1,0.0029277801513671875
1,0.03277587890625
4,0.0266876220703125
2,0.006534576416015625
3,0.072509765625
1,0.00965118408203125
1,0.03643798828125
2,0.03460693359375
4,0.0215301513671875
4,0.052032470703125
2,0.0362548828125
2,0.051605224609375
4,0.052032470703125
1,0.01171875
3,0.04376220703125
4,0.038421630859375
2,0.0484619140625
1,0.038818359375
1,0.005008697509765625
1,0.05499267578125
3,0.044525146484375
2,6.777048110961914e-05
1,0.045196533203125
1,1.3589859008789062e-05
2,0.0145721435546875
4,0.07025146484375
1,0.0012865066528320312
2,0.029327392578125
4,0.0307769775390625
3,0.0279083251953125
3,0.0010480880737304688
2,0.0016422271728515625
2,0.0029201507568359375
3,0.1014404296875
1,0.026641845703125
4,0.00010907649993896484
1,2.3066997528076172e-05
3,0.00971221923828125
2,0.0177459716796875
1,0.000762939453125
4,6.079673767089844e-05
1,0.013641357421875
3,5.6624412536621094e-05
1,0.005779266357421875
1,0.01103973388671875
3,0.0174407958984375
1,0.031280517578125
4,0.1390380859375
1,0.06854248046875
3,0.011322021484375
3,0.05902099609375
2,0.0010089874267578125
2,0.0301361083984375
1,0.037872314453125
1,0.00119781494140625
1,0.053466796875
3,0.08367919921875
1,1.5914440155029297e-05
3,0.057708740234375
1,0.0003504753112792969
1,0.045684814453125
3,0.014190673828125
1,0.0288848876953125
2,0.0138702392578125
4,0.0926513671875
2,0.03643798828125
4,0.0187530517578125
1,0.04486083984375
2,0.07366943359375
4,0.05670166015625
1,0.0198516845703125
4,0.000720977783203125
3,0.000545501708984375
2,0.06982421875
1,0.01377105712890625
3,0.038543701171875
1,0.00659942626953125
1,0.0020275115966796875
4,0.0192718505859375
3,0.0140380859375
3,0.0228271484375
2,0.0189361572265625
1,0.00347900390625
4,0.036346435546875
2,2.2113323211669922e-05
3,0.0193328857421875
2,0.050384521484375
3,0.034271240234375
2,0.00970458984375
1,0.0157623291015625
3,0.041656494140625
1,0.06671142578125
1,0.039703369140625
1,0.0005192756652832031
4,0.024566650390625
3,0.0001436471939086914
2,0.107421875
3,0.0303802490234375
1,7.593631744384766e-05
1,0.0006480216979980469
4,0.047393798828125
2,0.00254058837890625
4,0.0197296142578125
3,0.046600341796875
2,0.02264404296875
3,0.0140380859375
1,0.0214996337890625
3,0.041351318359375
1,0.03717041015625
2,0.00024628639221191406
1,0.006439208984375
4,0.05450439453125
2,0.02117919921875
4,0.00632476806640625
1,0.050689697265625
4,0.06640625
1,0.036651611328125
4,0.0192718505859375
1,8.416175842285156e-05
4,0.050994873046875
4,0.04644775390625
3,0.073486328125
2,0.01043701171875
4,0.001720428466796875
1,0.00018310546875
1,0.031036376953125
4,0.08172607421875
2,0.024627685546875
1,5.435943603515625e-05
2,0.09088134765625
1,0.01541900634765625
1,0.0001341104507446289
4,0.0509033203125
3,0.00048160552978515625
1,0.031005859375
3,0.01497650146484375
1,0.03631591796875
4,0.0234527587890625
2,0.034423828125
3,0.023529052734375
4,0.0296173095703125
3,0.06329345703125
1,0.0020294189453125
2,0.0927734375
1,0.1153564453125
3,0.0178070068359375
1,0.016082763671875
1,0.047149658203125
3,0.00231170654296875
4,0.01947021484375
3,0.0819091796875
1,0.043609619140625
3,0.04400634765625
3,0.05889892578125
4,0.0002002716064453125
3,0.0775146484375
1,0.019012451171875
1,0.038360595703125
1,0.05865478515625
3,0.045867919921875
4,1.5854835510253906e-05
2,0.10748291015625
2,0.06488037109375
2,0.049957275390625
4,0.03826904296875
2,0.0013990402221679688
2,0.021392822265625
2,0.00043392181396484375
1,8.821487426757812e-05
3,0.00019037723541259766
3,0.0226593017578125
4,0.0465087890625
4,0.03900146484375
1,0.0755615234375
1,0.0596923828125
2,2.0503997802734375e-05
1,0.08624267578125
1,0.08343505859375
1,0.0697021484375
3,0.004299163818359375
2,0.0238800048828125
3,0.033355712890625
2,0.04656982421875
3,0.0301513671875
1,0.020965576171875
2,0.00882720947265625
4,0.004085540771484375
4,0.0799560546875
3,0.0014677047729492188
4,0.036865234375
3,0.022735595703125
1,0.047332763671875
1,9.1552734375e-05
1,0.002162933349609375
3,0.06427001953125
1,0.0211639404296875
4,0.046966552734375
1,0.04083251953125
1,0.0275421142578125
3,0.0255279541015625
2,0.039764404296875
3,0.04547119140625
3,0.009185791015625
3,0.0240325927734375
2,0.08831787109375
2,0.0255279541015625
4,0.00016486644744873047
2,0.03778076171875
1,0.0009002685546875
3,0.0157470703125
3,0.01605224609375
3,0.06591796875
4,0.0010738372802734375
1,0.014739990234375
2,0.0604248046875
1,0.00731658935546875
4,0.047607421875
1,0.06561279296875
4,0.00931549072265625
3,1.6987323760986328e-05
3,0.00016176700592041016
2,0.0653076171875
3,0.00019037723541259766
3,0.037994384765625
1,0.057037353515625
1,0.0278472900390625
4,0.0151824951171875
3,0.046661376953125
3,0.0042266845703125
1,0.027130126953125
2,0.00022459030151367188
1,0.0254364013671875
2,0.0309906005859375
3,0.039581298828125
4,0.01192474365234375
2,0.02789306640625
1,0.065185546875
2,0.051239013671875
2,0.0108184814453125
4,0.1025390625
1,0.038177490234375
4,0.0183258056640625
4,0.053955078125
3,0.1011962890625
2,0.002490997314453125
4,0.016082763671875
3,0.020263671875
1,0.0281829833984375
3,0.0311126708984375
1,0.00708770751953125
3,0.043670654296875
2,5.418062210083008e-05
2,0.035491943359375
1,0.05755615234375
3,0.0295562744140625
2,0.005950927734375
3,0.00101470947265625
3,0.01010894775390625
4,0.0004162788391113281
1,0.0716552734375
2,0.033905029296875
4,0.00010818243026733398
3,0.071533203125
4,0.0034542083740234375
4,0.003017425537109375
2,0.038818359375
3,0.0009851455688476562
1,0.021148681640625
4,0.00872802734375
3,0.017822265625
1,0.0004611015319824219
1,0.0180511474609375
2,0.005764007568359375
1,0.00042176246643066406
3,0.046356201171875
3,1.3709068298339844e-05
1,0.0007219314575195312
3,0.0004131793975830078
1,0.0235748291015625
3,0.0450439453125
1,0.02960205078125
1,0.06781005859375
1,0.00855255126953125
4,0.06817626953125
3,0.0306549072265625
3,0.048187255859375
1,0.034149169921875
4,0.0004246234893798828
1,0.0005259513854980469
3,0.07122802734375
1,0.00013184547424316406
2,0.040985107421875
1,0.10003662109375
3,0.0533447265625
3,9.930133819580078e-05
3,3.147125244140625e-05
2,0.0014362335205078125
4,0.038116455078125
1,0.0498046875
2,0.02532958984375
4,0.05303955078125
2,0.056182861328125
1,0.061187744140625
4,0.02691650390625
1,0.0164947509765625
4,0.1004638671875
4,0.0328369140625
4,0.0012254714965820312
1,0.03643798828125
3,0.0452880859375
1,0.02569580078125
2,0.0008287429809570312
1,0.0005230903625488281
1,0.01326751708984375
4,0.0509033203125
1,0.018798828125
4,0.037506103515625
4,0.043670654296875
3,0.01500701904296875
1,0.0362548828125
2,0.0001552104949951172
3,0.021697998046875
3,0.04852294921875
3,2.6345252990722656e-05
2,0.0372314453125
1,0.00015556812286376953
3,0.049957275390625
1,0.04400634765625
1,0.00562286376953125
2,0.0252685546875
2,0.015716552734375
3,0.0086822509765625
2,0.0196685791015625
2,0.05816650390625
3,7.69495964050293e-05
4,0.06536865234375
2,0.03228759765625
2,0.016510009765625
2,0.0367431640625
3,0.022003173828125
2,0.026275634765625
3,0.002017974853515625
4,0.04998779296875
2,0.05230712890625
1,0.00017917156219482422
3,0.09185791015625
1,0.02960205078125
3,0.058319091796875
1,0.042022705078125
1,0.0114593505859375
4,0.000621795654296875
2,0.11822509765625
2,0.03948974609375
2,0.041290283203125
1,0.08502197265625
1,0.01291656494140625
3,0.048858642578125
3,0.0011768341064453125
4,0.00037217140197753906
3,0.06915283203125
1,0.0250244140625
4,0.054962158203125
3,0.054534912109375
4,0.037994384765625
4,0.0012969970703125
1,0.050445556640625
2,1.0251998901367188e-05
2,3.349781036376953e-05
2,0.02813720703125
1,0.004608154296875
3,0.0261077880859375
4,0.03179931640625
3,0.0025539398193359375
4,0.041229248046875
4,0.05535888671875
4,0.038360595703125
2,0.00038433074951171875
3,0.0022220611572265625
1,0.049774169921875
3,0.05084228515625
4,8.58306884765625e-06
2,0.005462646484375
2,0.00014638900756835938
1,0.0186004638671875
2,0.0325927734375
4,0.0231475830078125
3,0.0233154296875
2,0.06597900390625
4,5.0127506256103516e-05
2,0.04315185546875
1,0.049163818359375
2,0.019287109375
4,0.029022216796875
1,0.0015268325805664062
3,0.031402587890625
1,0.046905517578125
3,0.042022705078125
2,0.00034236907958984375
3,0.0738525390625
1,0.03009033203125
4,0.0018014907836914062
2,0.0026702880859375
2,0.000171661376953125
2,0.0002474784851074219
3,0.030914306640625
3,0.06591796875
3,0.088134765625
3,0.059844970703125
1,0.0655517578125
2,0.08221435546875
2,0.06011962890625
2,0.027496337890625
1,0.00024187564849853516
1,0.00527191162109375
1,0.0015306472778320312
4,0.0065460205078125
1,0.00788116455078125
1,0.002773284912109375
3,0.031768798828125
4,0.0187835693359375
4,0.0237884521484375
1,0.006961822509765625
4,0.0267791748046875
1,0.0126190185546875
1,0.03887939453125
1,0.0055999755859375
4,0.0595703125
1,0.026214599609375
1,0.04791259765625
3,0.0123748779296875
2,0.018829345703125
1,0.0009899139404296875
4,0.01366424560546875
4,0.0679931640625
4,0.052001953125
2,0.07598876953125
1,0.05340576171875
3,0.00030922889709472656
1,0.049468994140625
2,7.68899917602539e-06
1,0.06219482421875
4,0.001041412353515625
2,0.06695556640625
2,0.029052734375
1,0.06781005859375
2,0.062286376953125
3,0.039215087890625
1,0.08740234375
1,0.01152801513671875
2,0.07012939453125
3,0.00489044189453125
1,0.041290283203125
2,0.00878143310546875
2,0.0103302001953125
4,0.0002415180206298828
4,0.034149169921875
2,0.0225830078125
1,0.0633544921875
1,4.166364669799805e-05
1,0.0006814002990722656
2,0.00012362003326416016
4,0.0401611328125
2,0.02960205078125
1,0.0004315376281738281
1,0.0802001953125
4,0.040802001953125
1,9.357929229736328e-06
4,0.08148193359375
2,0.0243072509765625
4,0.017730712890625
3,0.032562255859375
1,0.06689453125
3,0.056884765625
1,1.1026859283447266e-05
1,0.06121826171875
3,0.0352783203125
4,0.062286376953125
4,0.0258941650390625
4,0.0308990478515625
2,0.03143310546875
3,0.0001628398895263672
1,0.0199737548828125
2,0.0411376953125
4,0.0293121337890625
3,0.07373046875
3,0.0008082389831542969
4,0.0164947509765625
1,0.0574951171875
1,0.0355224609375
3,0.014892578125
1,0.06671142578125
3,0.0120391845703125
3,0.0219879150390625
1,0.02276611328125
2,0.0369873046875
4,0.024169921875
2,0.04339599609375
1,0.00727081298828125
4,0.0188751220703125
4,0.0069732666015625
3,0.0307769775390625
1,0.0235595703125
4,0.02764892578125
4,0.04669189453125
1,0.0008258819580078125
1,0.00142669677734375
1,0.109130859375
1,0.048553466796875
3,0.0238800048828125
3,0.082763671875
2,0.0288543701171875
4,0.015533447265625
3,0.04888916015625
3,5.3822994232177734e-05
2,0.002323150634765625
1,3.4868717193603516e-05
3,0.0143585205078125
3,0.00035452842712402344
2,0.01523590087890625
1,0.07562255859375
1,0.0171356201171875
1,0.0004379749298095703
1,0.0755615234375
1,0.0928955078125
4,0.0230712890625
3,0.04986572265625
2,0.0025539398193359375
4,0.06488037109375
1,0.01055145263671875
4,0.044403076171875
3,0.0178985595703125
1,0.0001170039176940918
1,0.0127410888671875
3,3.0994415283203125e-05
2,5.692243576049805e-05
2,0.03399658203125
3,0.0294342041015625
3,0.0291748046875
2,0.03216552734375
3,0.01001739501953125
1,0.036346435546875
2,0.0056915283203125
4,0.00406646728515625
2,0.071044921875
3,0.0269775390625
4,0.035308837890625
4,0.068359375
1,0.0292816162109375
4,0.06768798828125
1,0.031951904296875
4,0.0181884765625
2,0.06640625
1,0.005847930908203125
3,0.00018548965454101562
4,0.0160064697265625
1,0.00021731853485107422
2,0.0222625732421875
4,0.07666015625
2,0.0294952392578125
1,0.005298614501953125
4,0.01506805419921875
2,2.0503997802734375e-05
2,0.0013856887817382812
1,0.0023593902587890625
4,0.0004210472106933594
2,0.05810546875
2,0.025299072265625
3,0.0321044921875
3,0.0740966796875
2,0.001590728759765625
1,0.04840087890625
3,0.058319091796875
1,0.0128173828125
1,0.047607421875
2,0.03875732421875
2,2.8073787689208984e-05
1,0.00555419921875
1,0.0141143798828125
4,0.028350830078125
3,0.013763427734375
2,0.01873779296875
3,0.0465087890625
4,0.07135009765625
3,0.0001468658447265625
4,0.01690673828125
1,0.0753173828125
1,0.0236358642578125
4,0.03582763671875
3,0.0015010833740234375
1,0.036590576171875
4,0.0103302001953125
4,0.0007452964782714844
1,0.0006213188171386719
4,0.00020253658294677734
3,0.00514984130859375
1,0.0953369140625
4,0.08038330078125
1,0.00070953369140625
1,0.0290069580078125
1,0.0106964111328125
3,0.0242156982421875
4,0.0653076171875
1,0.04376220703125
1,0.09588623046875
3,0.007465362548828125
1,1.233816146850586e-05
2,0.043731689453125
4,0.0501708984375
4,0.0001766681671142578
2,0.00010061264038085938
4,0.004253387451171875
1,0.0284271240234375
4,0.01293182373046875
2,0.035552978515625
3,0.01470184326171875
4,0.031829833984375
1,0.065185546875
1,0.044647216796875
3,0.0120849609375
4,0.0001728534698486328
1,0.03155517578125
2,0.039794921875
1,0.07373046875
4,0.055389404296875
2,0.0452880859375
1,0.005718231201171875
2,0.005397796630859375
1,0.045379638671875
3,0.03741455078125
3,6.014108657836914e-05
2,0.009490966796875
2,0.02398681640625
4,0.012298583984375
3,0.01514434814453125
4,0.039581298828125
2,0.0377197265625
1,0.0001277923583984375
1,0.05242919921875
1,0.0178680419921875
3,0.0149993896484375
2,0.05413818359375
2,0.05621337890625
2,0.024810791015625
4,0.0253143310546875
4,0.0289459228515625
1,0.0007448196411132812
3,0.047210693359375
2,0.0596923828125
1,0.0267181396484375
4,0.0232086181640625
3,0.0179595947265625
2,0.07025146484375
3,0.001583099365234375
1,0.052459716796875
4,0.03021240234375
4,0.068115234375
2,0.1002197265625
4,0.0130157470703125
2,0.0003445148468017578
4,0.0022869110107421875
2,0.021881103515625
2,0.07635498046875
4,0.019805908203125
1,0.01355743408203125
2,0.01560211181640625
2,0.0282745361328125
3,0.0374755859375
1,0.011932373046875
4,0.03753662109375
4,0.019256591796875
4,0.0008683204650878906
2,0.00951385498046875
3,0.0308837890625
1,0.035614013671875
4,0.007251739501953125
4,0.00023412704467773438
4,0.032257080078125
4,0.006252288818359375
1,0.00011080503463745117
3,0.0195770263671875
3,0.041839599609375
3,0.039764404296875
3,0.0543212890625
4,0.04541015625
4,0.060882568359375
4,0.01062774658203125
1,0.08966064453125
2,0.03643798828125
2,0.042327880859375
1,0.0264892578125
1,0.0640869140625
4,0.0253753662109375
2,0.03704833984375
3,0.041107177734375
3,0.0269012451171875
4,5.7697296142578125e-05
3,0.0170745849609375
1,0.05963134765625
1,0.036590576171875
2,0.0256500244140625
2,0.046722412109375
1,0.037841796875
3,0.00011515617370605469
4,0.0010175704956054688
3,0.0194091796875
3,0.0399169921875
2,0.0618896484375
3,0.038665771484375
1,0.08612060546875
4,0.03375244140625
2,0.01161956787109375
2,0.00013148784637451172
2,0.01392364501953125
4,0.06634521484375
2,0.0009307861328125
4,0.04541015625
2,2.3245811462402344e-05
2,0.02239990234375
3,0.06396484375
2,0.01111602783203125
1,0.0007109642028808594
3,0.01204681396484375
1,0.07489013671875
3,0.0016222000122070312
2,0.07586669921875
2,0.0001666545867919922
4,0.0207061767578125
1,0.057159423828125
3,0.0006585121154785156
2,0.1025390625
1,0.0036678314208984375
3,2.467632293701172e-05
2,0.040618896484375
2,0.02838134765625
4,0.00021195411682128906
4,0.0267333984375
3,0.058624267578125
2,0.048187255859375
2,0.041046142578125
4,0.0014591217041015625
2,0.019683837890625
2,0.00035858154296875
4,0.012939453125
1,9.119510650634766e-05
1,2.2292137145996094e-05
2,0.00022017955780029297
1,0.0169525146484375
3,0.03607177734375
4,0.00646209716796875
1,0.00013434886932373047
3,0.0189361572265625
3,0.02276611328125
4,0.01727294921875
3,0.0294952392578125
2,0.0170135498046875
1,0.052764892578125
4,0.0010232925415039062
4,0.051116943359375
1,0.0731201171875
2,0.01352691650390625
1,0.00014019012451171875
2,0.0102081298828125
3,0.092529296875
2,0.07025146484375
3,0.0189361572265625
3,0.0161590576171875
4,0.00201416015625
2,0.0435791015625
4,0.04931640625
1,0.0018672943115234375
3,0.05670166015625
3,0.0228118896484375
3,0.00803375244140625
2,3.224611282348633e-05
1,0.034332275390625
4,0.0082855224609375
4,0.0006461143493652344
2,0.11639404296875
3,0.0701904296875
1,0.0804443359375
1,0.032958984375
3,0.0250091552734375
1,0.0001634359359741211
1,0.0011491775512695312
3,0.018096923828125
2,0.051116943359375
3,0.0217742919921875
3,0.0010528564453125
3,0.0025463104248046875
3,0.02001953125
1,0.004093170166015625
2,0.1171875
3,0.1751708984375
3,0.004444122314453125
1,0.068603515625
2,0.057373046875
2,0.06597900390625
4,0.0379638671875
1,0.00750732421875
2,0.009429931640625
4,0.06829833984375
1,0.032379150390625
4,0.03240966796875
1,0.105224609375
4,0.044342041015625
2,0.035064697265625
2,0.031890869140625
4,3.3915042877197266e-05
2,0.033355712890625
3,0.045318603515625
3,0.037994384765625
4,0.039031982421875
1,0.01435089111328125
4,0.00047397613525390625
3,0.0294342041015625
2,0.0538330078125
2,0.0343017578125
3,0.057159423828125
3,0.02996826171875
1,0.00644683837890625
1,0.0037250518798828125
2,0.0123443603515625
2,0.020904541015625
3,0.14990234375
4,0.00255584716796875
3,0.090576171875
2,0.02313232421875
1,0.039337158203125
2,0.0033740997314453125
2,0.061492919921875
3,0.0300140380859375
4,0.0008921623229980469
1,0.0011072158813476562
2,0.0092010498046875
2,0.0408935546875
2,0.047027587890625
1,0.0465087890625
4,0.0197906494140625
3,0.01377105712890625
1,0.001979827880859375
1,0.072265625
2,0.047332763671875
2,0.006809234619140625
2,0.0015687942504882812
4,8.600950241088867e-05
2,0.06268310546875
3,0.061492919921875
4,0.03411865234375
3,0.0025806427001953125
1,0.00011897087097167969
2,2.4378299713134766e-05
1,0.0011568069458007812
1,1.430511474609375e-06
2,1.7881393432617188e-05
2,0.0301055908203125
3,0.0193939208984375
4,0.039794921875
1,0.007358551025390625
1,0.00814056396484375
1,5.888938903808594e-05
2,0.0276947021484375
1,0.0012331008911132812
1,0.1156005859375
1,3.7729740142822266e-05
2,0.0005140304565429688
2,0.04010009765625
2,0.033905029296875
1,0.02972412109375
3,0.0028400421142578125
3,0.0069427490234375
3,0.062469482421875
4,0.008514404296875
1,0.031280517578125
1,0.025970458984375
1,0.00463104248046875
1,0.04913330078125
4,0.028839111328125
4,0.0347900390625
1,0.00726318359375
2,0.12005615234375
3,0.05010986328125
3,0.04022216796875
4,0.021453857421875
3,0.03204345703125
4,0.051849365234375
3,0.08026123046875
4,0.00780487060546875
4,0.06427001953125
1,0.01522064208984375
2,0.060028076171875
1,0.0028705596923828125
4,0.051025390625
4,0.072998046875
1,0.044189453125
1,0.07452392578125
2,7.838010787963867e-05
1,0.0044708251953125
1,2.193450927734375e-05
3,0.01229095458984375
1,0.022216796875
4,0.0010814666748046875
1,6.341934204101562e-05
1,0.00010406970977783203
4,0.0106658935546875
2,0.003437042236328125
3,0.0007390975952148438
3,0.0092315673828125
4,0.04534912109375
2,0.01192474365234375
1,0.00012052059173583984
3,0.02508544921875
1,0.0038242340087890625
4,5.1081180572509766e-05
1,0.05328369140625
3,0.0017824172973632812
4,0.03424072265625
2,0.0006084442138671875
4,0.05218505859375
3,0.04522705078125
3,0.008087158203125
2,0.010589599609375
1,3.129243850708008e-05
3,0.0210723876953125
4,0.0271148681640625
2,0.0011072158813476562
2,0.06329345703125
1,0.033477783203125
3,0.0443115234375
2,0.020416259765625
2,0.044036865234375
3,0.0240020751953125
3,0.0199432373046875
1,0.04193115234375
3,7.033348083496094e-05
4,0.0160369873046875
1,0.0024509429931640625
3,0.006771087646484375
1,0.01837158203125
1,4.982948303222656e-05
1,0.027374267578125
1,0.00017952919006347656
2,0.007381439208984375
1,0.0904541015625
4,0.048492431640625
2,0.0002911090850830078
2,0.07891845703125
3,0.0089874267578125
4,0.041259765625
1,0.04925537109375
1,0.037841796875
4,0.049468994140625
1,0.0751953125
2,7.516145706176758e-05
4,0.040557861328125
3,9.417533874511719e-06
2,0.060516357421875
1,0.01503753662109375
2,0.08056640625
1,0.055633544921875
3,0.0056610107421875
3,0.051513671875
2,0.00013184547424316406
2,0.0787353515625
2,0.0025634765625
2,0.0015773773193359375
1,0.05316162109375
4,0.047576904296875
2,0.005970001220703125
4,0.0012292861938476562
3,0.07269287109375
1,0.0026454925537109375
1,0.0002028942108154297
2,0.0282440185546875
4,4.279613494873047e-05
2,0.0245819091796875
4,0.0540771484375
2,0.0411376953125
1,0.00025582313537597656
2,0.02545166015625
4,0.01151275634765625
3,9.065866470336914e-05
1,0.000530242919921875
1,0.0174560546875
2,0.01076507568359375
4,0.04791259765625
2,0.07012939453125
3,0.07232666015625
2,0.0682373046875
3,0.028839111328125
1,0.025543212890625
4,0.0677490234375
3,0.0214385986328125
1,0.0166473388671875
4,0.031951904296875
3,0.04754638671875
4,0.00010335445404052734
1,0.00640106201171875
4,0.051727294921875
2,0.00589752197265625
4,0.059783935546875
2,0.038787841796875
3,0.0185089111328125
4,3.796815872192383e-05
4,0.014068603515625
1,0.038909912109375
1,0.047149658203125
4,0.0845947265625
1,0.004627227783203125
1,0.05059814453125
2,0.027740478515625
1,0.02020263671875
1,0.07025146484375
4,0.046966552734375
2,0.021820068359375
1,0.0160369873046875
2,0.0440673828125
2,0.0576171875
1,0.02825927734375
1,0.0222625732421875
1,0.0010004043579101562
4,0.03375244140625
2,0.054168701171875
3,0.005237579345703125
2,0.060272216796875
1,0.002017974853515625
3,0.00887298583984375
2,0.00021767616271972656
3,0.0112457275390625
4,0.0362548828125
4,0.0058746337890625
2,0.01983642578125
4,0.046630859375
3,0.0738525390625
1,0.12359619140625
2,0.0296173095703125
1,0.0007991790771484375
2,0.06048583984375
4,0.05157470703125
4,0.00018072128295898438
2,0.0152587890625
2,0.020782470703125
2,2.580881118774414e-05
2,0.05657958984375
3,0.07501220703125
2,0.0290374755859375
3,0.05462646484375
4,0.0305023193359375
4,0.0556640625
2,0.034393310546875
3,0.03912353515625
1,0.0032634735107421875
4,0.01543426513671875
2,0.044158935546875
2,0.0396728515625
3,0.030548095703125
4,0.040802001953125
1,0.0196075439453125
3,0.04608154296875
2,0.01947021484375
1,0.00850677490234375
1,3.3915042877197266e-05
1,0.005481719970703125
3,0.0281982421875
3,0.032257080078125
1,0.0477294921875
2,0.0626220703125
4,0.073974609375
3,0.037933349609375
4,0.09124755859375
4,0.03131103515625
2,0.0204010009765625
1,0.0643310546875
4,0.0229644775390625
2,0.0175628662109375
3,0.0859375
4,6.639957427978516e-05
2,0.0027618408203125
4,0.0701904296875
2,6.556510925292969e-06
3,0.025177001953125
3,0.036224365234375
3,0.05572509765625
2,0.004428863525390625
1,0.01091766357421875
1,0.0266265869140625
2,0.0003452301025390625
4,0.018524169921875
4,0.038726806640625
3,0.05682373046875
2,6.085634231567383e-05
1,0.056549072265625
3,0.08154296875
3,0.0171356201171875
2,0.09039306640625
4,0.0015001296997070312
1,0.0003008842468261719
2,0.0225067138671875
2,0.07781982421875
4,0.0011138916015625
4,0.0013265609741210938
4,0.0232391357421875
4,0.033355712890625
1,0.02239990234375
1,0.0660400390625
4,0.00018274784088134766
2,0.00021898746490478516
3,0.040557861328125
1,7.677078247070312e-05
4,0.056915283203125
3,0.0234375
1,0.030303955078125
4,0.001163482666015625
1,0.04803466796875
4,0.01153564453125
4,0.01062774658203125
3,0.02630615234375
2,0.05181884765625
2,0.0219573974609375
1,8.285045623779297e-06
1,0.01360321044921875
2,0.01447296142578125
2,0.0308837890625
2,0.0838623046875
3,0.00461578369140625
2,0.01013946533203125
3,0.071533203125
4,0.018402099609375
2,0.058807373046875
1,0.05438232421875
4,0.03533935546875
1,0.037322998046875
1,0.00011169910430908203
3,0.060272216796875
1,0.06719970703125
1,0.0325927734375
3,0.058441162109375
2,0.04559326171875
4,0.0281524658203125
3,0.038299560546875
1,0.014007568359375
2,9.363889694213867e-05
4,0.0357666015625
2,0.00942230224609375
1,0.002063751220703125
2,0.04730224609375
1,0.0015239715576171875
1,0.061370849609375
3,0.04547119140625
1,0.01212310791015625
3,0.0670166015625
1,0.040374755859375
3,0.0002651214599609375
1,0.053802490234375
3,0.0279388427734375
3,0.0003409385681152344
2,0.056976318359375
2,0.012664794921875
1,0.05743408203125
4,6.687641143798828e-05
3,0.0372314453125
2,0.00021564960479736328
1,0.0006966590881347656
1,1.71661376953125e-05
3,0.0245208740234375
2,0.03271484375
4,0.022674560546875
2,0.016448974609375
2,0.0361328125
3,0.03564453125
1,0.00888824462890625
3,0.00015628337860107422
2,0.0272979736328125
4,0.0030002593994140625
2,0.01934814453125
3,0.03790283203125
4,5.2034854888916016e-05
1,0.07940673828125
3,0.03887939453125
2,0.014129638671875
3,0.014068603515625
1,0.019073486328125
1,0.0023956298828125
1,0.00046825408935546875
1,0.034088134765625
1,0.007171630859375
4,0.040740966796875
1,0.0589599609375
4,0.022857666015625
2,0.02947998046875
1,0.0005140304565429688
1,0.017181396484375
4,0.00891876220703125
1,0.0238189697265625
4,0.008758544921875
2,0.0640869140625
3,0.0479736328125
4,0.0152587890625
4,0.00020110607147216797
2,0.0014848709106445312
2,0.005764007568359375
1,0.058319091796875
3,0.050537109375
3,0.0350341796875
4,0.07635498046875
4,0.001979827880859375
4,0.00858306884765625
2,0.0467529296875
2,0.0171051025390625
2,0.032196044921875
2,9.429454803466797e-05
1,0.01049041748046875
2,0.009796142578125
1,0.018218994140625
2,0.0295562744140625
4,0.032867431640625
2,0.06378173828125
2,0.01009368896484375
3,7.164478302001953e-05
3,0.0210113525390625
1,0.036712646484375
3,0.0018415451049804688
2,2.4557113647460938e-05
3,0.025421142578125
2,0.0645751953125
1,0.0229339599609375
3,0.0012254714965820312
4,0.0255126953125
1,0.0396728515625
1,0.018218994140625
2,0.08807373046875
2,0.0207672119140625
2,0.032958984375
3,0.0853271484375
1,0.0005173683166503906
4,0.03753662109375
3,0.0406494140625
1,0.0767822265625
2,0.0247955322265625
3,0.006744384765625
2,9.775161743164062e-06
3,0.043304443359375
2,0.00026726722717285156
1,0.046630859375
2,0.0335693359375
2,0.050750732421875
1,0.0011739730834960938
1,2.4616718292236328e-05
1,0.0030059814453125
2,0.048431396484375
1,0.061309814453125
3,0.0033931732177734375
1,0.06353759765625
1,0.00902557373046875
1,0.0001062154769897461
2,0.0631103515625
2,0.00347137451171875
1,0.021209716796875
1,0.08856201171875
2,0.001171112060546875
1,0.0205841064453125
3,0.034759521484375
1,1.633167266845703e-05
3,0.002346038818359375
3,0.0188446044921875
3,9.02414321899414e-05
4,1.3172626495361328e-05
3,0.005279541015625
1,0.00010597705841064453
4,0.022979736328125
1,0.0654296875
1,0.06890869140625
2,0.0112457275390625
4,0.029632568359375
3,6.812810897827148e-05
3,0.04779052734375
1,0.016876220703125
2,0.01108551025390625
2,0.072509765625
1,0.07421875
3,0.053924560546875
3,0.031402587890625
1,0.0233306884765625
3,0.0010814666748046875
1,0.055816650390625
2,0.0160064697265625
4,7.998943328857422e-05
4,0.01259613037109375
2,0.053985595703125
3,0.0257415771484375
1,2.0325183868408203e-05
1,0.0306243896484375
2,0.00519561767578125
4,0.0029754638671875
4,0.0009927749633789062
4,0.03350830078125
4,0.050201416015625
4,0.04150390625
4,0.032867431640625
2,5.614757537841797e-05
1,0.063720703125
3,0.0012350082397460938
1,0.002590179443359375
2,0.05108642578125
2,0.058074951171875
3,0.049713134765625
4,0.0280303955078125
4,0.0229034423828125
2,0.038665771484375
2,0.0404052734375
3,0.0283050537109375
1,0.03204345703125
3,0.00046443939208984375
1,0.07421875
3,0.0001366138458251953
3,0.00823974609375
4,0.0143890380859375
1,0.0142364501953125
2,0.01105499267578125
4,0.011627197265625
2,5.08427619934082e-05
1,0.0001800060272216797
3,0.000152587890625
2,0.00074005126953125
2,0.0252532958984375
2,0.01007080078125
1,0.06817626953125
3,0.0001728534698486328
1,0.00015676021575927734
3,0.00022840499877929688
1,0.1043701171875
4,9.03010368347168e-05
3,0.0005927085876464844
2,0.0005159378051757812
3,8.71419906616211e-05
3,0.0004317760467529297
2,0.051483154296875
3,0.004184722900390625
1,0.01439666748046875
2,0.07257080078125
4,0.00814056396484375
2,0.031707763671875
3,0.1376953125
3,0.00911712646484375
3,0.047271728515625
4,0.034698486328125
2,0.00719451904296875
1,0.0853271484375
1,0.07220458984375
4,0.0482177734375
4,0.03924560546875
1,7.605552673339844e-05
1,0.00173187255859375
4,0.0518798828125
4,0.006328582763671875
1,4.184246063232422e-05
1,0.07611083984375
3,0.0115814208984375
1,0.070068359375
3,0.0176849365234375
3,0.08123779296875
1,0.061553955078125
1,0.0264434814453125
1,0.00012362003326416016
4,0.0257568359375
4,0.0226593017578125
4,0.041229248046875
3,0.00025916099548339844
3,0.038177490234375
4,0.0117950439453125
1,0.032806396484375
3,0.048126220703125
3,0.0297698974609375
2,0.040008544921875
4,0.028900146484375
1,0.0259246826171875
4,0.0008802413940429688
1,4.023313522338867e-05
4,0.00017750263214111328
4,0.039154052734375
3,0.01383209228515625
3,2.658367156982422e-05
1,0.0377197265625
1,0.0662841796875
4,0.031494140625
1,0.0158843994140625
2,0.057861328125
2,0.07794189453125
2,0.063720703125
2,0.055389404296875
2,9.715557098388672e-06
3,0.023223876953125
4,0.006420135498046875
1,0.050079345703125
4,0.06549072265625
2,0.0010614395141601562
4,0.02227783203125
3,0.0005283355712890625
1,9.936094284057617e-05
1,0.047760009765625
4,0.0009393692016601562
4,0.051666259765625
2,0.04620361328125
2,0.011138916015625
3,0.0765380859375
4,0.039947509765625
1,0.013031005859375
1,0.0731201171875
3,0.0222930908203125
4,0.02569580078125
3,0.037689208984375
3,0.0216064453125
2,0.013641357421875
1,0.062469482421875
3,0.04583740234375
1,0.05377197265625
1,0.004566192626953125
1,0.06585693359375
4,0.0009622573852539062
2,0.0277862548828125
2,0.023406982421875
2,0.0285491943359375
2,0.03564453125
4,1.3828277587890625e-05
2,0.06103515625
1,0.0004229545593261719
1,0.05792236328125
2,0.052001953125
1,0.022674560546875
1,0.0013561248779296875
4,0.0036411285400390625
1,0.060333251953125
2,0.035919189453125
2,0.0184478759765625
2,0.0017709732055664062
2,0.004566192626953125
3,0.0531005859375
3,0.07476806640625
1,0.00022459030151367188
1,0.0001825094223022461
1,0.06866455078125
2,2.3365020751953125e-05
4,0.017730712890625
2,5.5670738220214844e-05
3,0.03741455078125
1,0.061065673828125
1,0.0755615234375
2,0.0151519775390625
1,0.043426513671875
4,0.0008649826049804688
4,0.064453125
1,0.064208984375
3,0.0015840530395507812
2,0.0775146484375
2,0.039825439453125
1,0.020172119140625
2,0.00659942626953125
2,0.017974853515625
1,0.036468505859375
3,0.0911865234375
3,0.05670166015625
2,0.0002620220184326172
2,0.0411376953125
2,0.0045623779296875
1,0.00290679931640625
3,0.022003173828125
2,0.004558563232421875
1,0.02069091796875
3,0.0160064697265625
1,0.0003788471221923828
1,0.01568603515625
2,0.036590576171875
3,0.06451416015625
3,0.0595703125
3,0.052886962890625
4,0.0044097900390625
4,0.0032501220703125
2,0.00014972686767578125
1,6.842613220214844e-05
4,5.269050598144531e-05
4,5.042552947998047e-05
3,0.09375
1,0.036041259765625
2,0.00019502639770507812
4,0.0026073455810546875
4,7.462501525878906e-05
1,0.013702392578125
4,0.08917236328125
2,1.6808509826660156e-05
3,0.05029296875
1,0.004421234130859375
2,0.03216552734375
2,0.005367279052734375
2,0.0014400482177734375
4,0.043609619140625
3,0.0237579345703125
3,0.0005712509155273438
2,0.0087432861328125
4,0.00699615478515625
2,0.037567138671875
1,0.0005054473876953125
3,0.02935791015625
4,0.033050537109375
1,0.0281982421875
2,0.045867919921875
1,0.0082244873046875
2,0.1514892578125
3,0.0005679130554199219
2,0.039886474609375
3,0.05560302734375
2,0.037322998046875
4,7.95125961303711e-05
3,0.0215911865234375
1,0.042449951171875
2,0.01329803466796875
1,0.0275726318359375
3,0.012481689453125
1,0.0173797607421875
4,0.026123046875
2,0.023345947265625
1,0.0281524658203125
1,0.01349639892578125
4,0.0167388916015625
2,0.0245361328125
4,0.0516357421875
4,0.0002689361572265625
3,0.006801605224609375
1,0.037322998046875
4,0.041595458984375
2,0.036346435546875
2,0.03118896484375
3,0.0167694091796875
1,6.920099258422852e-05
1,0.0545654296875
1,0.07098388671875
3,0.046051025390625
2,0.038360595703125
1,0.00014734268188476562
3,0.034912109375
3,0.01468658447265625
4,0.01541900634765625
2,0.0538330078125
3,0.01554107666015625
2,0.04010009765625
3,0.03631591796875
3,3.600120544433594e-05
3,0.0004887580871582031
3,0.004711151123046875
4,0.054779052734375
1,0.04595947265625
3,0.046417236328125
4,0.047210693359375
2,0.0260162353515625
4,0.002452850341796875
4,0.07958984375
2,0.06805419921875
3,0.0396728515625
3,0.0275421142578125
1,0.144775390625
3,2.956390380859375e-05
3,0.03216552734375
3,0.0003955364227294922
2,0.0035858154296875
4,0.00621795654296875
1,0.0033016204833984375
1,0.07806396484375
1,0.052001953125
3,0.1009521484375
1,0.0643310546875
1,0.0128936767578125
4,0.038421630859375
4,0.0877685546875
1,0.0643310546875
4,0.01885986328125
1,1.2099742889404297e-05
3,0.00024116039276123047
3,0.01206207275390625
4,0.1182861328125
3,0.030120849609375
2,0.006504058837890625
4,0.0001175999641418457
4,0.05255126953125
1,1.615285873413086e-05
1,0.0007014274597167969
2,0.0006546974182128906
4,0.0311126708984375
2,0.047271728515625
4,0.04217529296875
4,0.00406646728515625
3,0.023590087890625
3,0.0308837890625
3,0.0204925537109375
2,0.0241851806640625
3,0.0180816650390625
2,0.00042366981506347656
4,0.057464599609375
4,0.059722900390625
4,0.0220489501953125
4,0.0391845703125
2,0.07598876953125
1,0.034332275390625
2,0.03631591796875
4,0.031890869140625
4,0.0005559921264648438
3,0.07257080078125
4,0.06671142578125
4,0.0010461807250976562
3,0.052703857421875
2,0.016632080078125
2,0.041229248046875
4,0.11529541015625
4,0.009674072265625
4,0.03985595703125
2,0.0169525146484375
3,0.006671905517578125
1,0.0234222412109375
4,0.06597900390625
3,0.033355712890625
1,0.0022430419921875
2,0.039642333984375
2,0.00902557373046875
3,0.10797119140625
1,0.0005650520324707031
4,2.866983413696289e-05
2,0.07867431640625
4,0.03192138671875
4,0.033599853515625
1,0.03350830078125
4,0.028350830078125
4,0.023040771484375
1,0.0002796649932861328
1,0.0161590576171875
2,0.0156402587890625
2,0.0289306640625
4,0.0567626953125
3,0.027862548828125
3,0.00044846534729003906
4,0.0621337890625
1,0.0151214599609375
4,0.0117645263671875
3,0.0299835205078125
3,0.054473876953125
1,0.0290985107421875
2,0.0006527900695800781
2,4.202127456665039e-05
2,0.0170745849609375
1,0.01568603515625
1,0.00032806396484375
3,0.057586669921875
1,0.0401611328125
3,0.052642822265625
3,0.05859375
1,0.0217437744140625
4,0.022247314453125
2,0.00710296630859375
4,0.063720703125
3,0.0142974853515625
3,0.029693603515625
1,0.01513671875
3,0.0004642009735107422
1,0.0367431640625
2,0.0277862548828125
2,0.020599365234375
1,0.015594482421875
1,0.11773681640625
2,0.034027099609375
4,0.005588531494140625
3,0.0162353515625
4,0.045196533203125
2,0.0423583984375
3,0.0077056884765625
4,0.04693603515625
4,0.0565185546875
3,0.0004432201385498047
4,0.0009455680847167969
2,9.936094284057617e-05
1,0.02996826171875
4,0.000652313232421875
2,0.0192108154296875
3,0.01175689697265625
3,0.09539794921875
2,0.045135498046875
3,0.023193359375
1,0.0290985107421875
1,0.056365966796875
3,0.01287078857421875
3,0.0056915283203125
1,0.049072265625
3,0.03826904296875
1,2.574920654296875e-05
4,0.043975830078125
2,0.030242919921875
3,0.0233612060546875
4,0.0014390945434570312
3,0.029541015625
2,0.0826416015625
2,1.4185905456542969e-05
4,0.0020904541015625
1,0.010833740234375
4,0.03717041015625
2,0.05157470703125
2,0.02178955078125
1,0.041290283203125
1,0.05712890625
3,0.03424072265625
4,0.0023250579833984375
2,0.0263214111328125
4,0.00022876262664794922
1,0.013885498046875
2,0.046356201171875
4,0.018096923828125
4,0.043182373046875
4,0.0251007080078125
1,0.0770263671875
1,0.0310211181640625
3,2.4974346160888672e-05
2,0.057098388671875
2,0.05316162109375
2,8.571147918701172e-05
2,0.0237274169921875
2,0.0650634765625
3,0.031768798828125
1,0.0288543701171875
2,0.05084228515625
1,0.0297698974609375
2,0.00012969970703125
1,0.00013375282287597656
2,0.0032444000244140625
2,0.05242919921875
2,0.0015687942504882812
4,0.10333251953125
4,0.01418304443359375
2,0.044586181640625
3,0.03326416015625
3,0.0100860595703125
1,0.06890869140625
4,0.049591064453125
1,0.047088623046875
1,0.07513427734375
2,0.019073486328125
2,0.0282440185546875
2,0.04296875
4,0.006671905517578125
1,0.07757568359375
4,0.043975830078125
1,0.01251983642578125
3,0.02655029296875
3,0.01131439208984375
1,0.0004775524139404297
1,0.036834716796875
3,0.05389404296875
4,0.0019664764404296875
2,0.051361083984375
3,0.042388916015625
3,0.0333251953125
1,0.0299835205078125
4,0.04052734375
1,0.002666473388671875
1,0.06866455078125
3,0.06744384765625
2,0.0230712890625
1,0.07421875
3,0.0302886962890625
4,0.0010700225830078125
1,0.060882568359375
1,0.00931549072265625
2,0.00415802001953125
2,0.0189361572265625
3,0.01788330078125
4,0.0001518726348876953
3,0.01340484619140625
2,0.060546875
1,0.0017347335815429688
2,0.0139617919921875
3,0.0302734375
3,0.040924072265625
3,0.07489013671875
4,0.08624267578125
2,0.0022716522216796875
4,0.047943115234375
3,0.01528167724609375
3,0.04925537109375
3,0.045989990234375
3,0.052734375
2,0.015655517578125
4,0.06988525390625
4,0.0002765655517578125
3,0.00583648681640625
2,0.056884765625
4,0.0660400390625
2,0.0169830322265625
4,0.05010986328125
3,0.0009050369262695312
2,0.07354736328125
2,0.037353515625
2,0.01445770263671875
2,0.0628662109375
4,0.01483154296875
1,0.0041961669921875
4,0.0797119140625
3,0.033599853515625
1,0.03521728515625
2,0.033355712890625
3,0.036834716796875
4,0.0007572174072265625
1,0.062255859375
3,0.0170745849609375
1,0.0020294189453125
2,0.0712890625
4,0.052764892578125
4,0.01242828369140625
1,0.06768798828125
2,0.09661865234375
2,0.04547119140625
4,0.0167694091796875
1,0.0096282958984375
2,0.036285400390625
1,0.01082611083984375
2,0.0004279613494873047
1,0.07061767578125
3,0.00010263919830322266
1,8.094310760498047e-05
2,0.08331298828125
4,0.02081298828125
3,0.0013942718505859375
3,0.015777587890625
4,0.003437042236328125
4,0.0002982616424560547
1,4.6193599700927734e-05
1,0.0234222412109375
3,0.02691650390625
2,0.0252227783203125
4,0.034637451171875
3,0.00142669677734375
4,0.0010499954223632812
2,0.01056671142578125
4,0.02459716796875
2,4.673004150390625e-05
3,0.0003058910369873047
3,0.031829833984375
3,0.0007572174072265625
3,0.020111083984375
2,0.003925323486328125
4,0.10443115234375
4,0.019073486328125
1,0.0008206367492675781
1,0.007587432861328125
2,0.0298614501953125
3,0.039459228515625
3,0.049163818359375
4,8.094310760498047e-05
1,0.06915283203125
3,0.04425048828125
1,0.0187835693359375
3,0.0257415771484375
2,7.522106170654297e-05
3,0.048492431640625
3,0.0293731689453125
4,0.034454345703125
2,0.03118896484375
4,0.0076904296875
1,0.036163330078125
1,0.07000732421875
2,0.08819580078125
4,4.9233436584472656e-05
1,0.072265625
2,0.04595947265625
1,0.036590576171875
2,0.00814056396484375
2,0.0267181396484375
2,0.00016832351684570312
2,0.0298004150390625
2,0.0162353515625
1,0.01153564453125
3,0.00582122802734375
2,0.04364013671875
1,0.002460479736328125
2,0.00013744831085205078
3,0.042327880859375
4,0.040374755859375
2,0.007965087890625
1,0.0167694091796875
2,0.032318115234375
1,0.168212890625
3,0.09368896484375
3,0.0467529296875
1,0.00388336181640625
4,0.0855712890625
1,0.0274658203125
2,0.004825592041015625
1,0.06121826171875
4,0.01983642578125
1,0.0009393692016601562
4,0.0682373046875
3,0.0216522216796875
1,0.0171051025390625
3,0.01428985595703125
2,0.035369873046875
1,0.007053375244140625
2,0.0203399658203125
3,0.010833740234375
4,0.0298004150390625
1,0.070556640625
4,5.710124969482422e-05
4,0.046905517578125
1,0.055419921875
1,0.0428466796875
3,0.03387451171875
3,0.0006999969482421875
2,0.032989501953125
4,0.01306915283203125
3,0.01416015625
2,0.00063323974609375
4,0.004062652587890625
3,0.0457763671875
1,0.015838623046875
4,0.036346435546875
1,0.042816162109375
4,0.0389404296875
2,0.0310516357421875
3,0.09271240234375
2,0.07708740234375
1,0.06689453125
4,0.03167724609375
1,4.982948303222656e-05
3,0.050811767578125
2,0.02337646484375
1,0.01157379150390625
2,0.004062652587890625
4,0.05242919921875
2,0.035797119140625
1,0.0216217041015625
1,0.04052734375
3,0.060577392578125
2,0.031494140625
1,4.8279762268066406e-05
3,7.766485214233398e-05
1,0.036285400390625
1,0.0192413330078125
2,9.298324584960938e-05
1,1.2874603271484375e-05
4,0.0016422271728515625
2,0.038665771484375
3,4.231929779052734e-06
2,0.0361328125
3,0.0341796875
4,0.00013554096221923828
4,0.022064208984375
1,0.056854248046875
3,0.0679931640625
1,0.0433349609375
2,0.012847900390625
2,0.04425048828125
2,0.00011920928955078125
4,0.045196533203125
4,0.018280029296875
1,0.07769775390625
3,0.0273895263671875
4,0.00018358230590820312
4,3.3915042877197266e-05
1,0.00017702579498291016
3,0.0264739990234375
3,0.040283203125
1,0.037139892578125
4,0.08123779296875
3,0.0009822845458984375
1,0.0003936290740966797
1,0.0972900390625
3,0.0252685546875
4,0.0235443115234375
4,0.0232391357421875
1,0.0194854736328125
2,0.0005359649658203125
2,7.784366607666016e-05
4,0.0009665489196777344
4,0.00428009033203125
2,0.05169677734375
2,0.01361083984375
1,0.01364898681640625
2,0.03875732421875
3,7.772445678710938e-05
2,0.06427001953125
3,0.034210205078125
4,0.0012845993041992188
4,0.0115966796875
4,0.01471710205078125
3,0.0216064453125
1,0.00940704345703125
1,0.0230712890625
1,0.02362060546875
1,0.055145263671875
2,0.02099609375
3,0.00010848045349121094
4,0.0004897117614746094
4,0.001575469970703125
1,0.0013294219970703125
4,0.0328369140625
2,0.031463623046875
4,0.012115478515625
1,0.06573486328125
3,0.0004596710205078125
3,0.04229736328125
1,0.0020580291748046875
4,0.042572021484375
4,0.0189056396484375
2,0.0248870849609375
2,0.01296234130859375
2,0.00010949373245239258
1,0.0157012939453125
2,0.0240325927734375
1,0.0753173828125
1,0.04315185546875
4,0.0006418228149414062
1,8.237361907958984e-05
3,0.035369873046875
1,0.020263671875
4,0.003948211669921875
1,0.05328369140625
1,0.05194091796875
1,9.036064147949219e-05
3,0.062408447265625
1,0.0792236328125
4,0.0462646484375
3,0.02593994140625
1,7.081031799316406e-05
4,0.037078857421875
4,0.0745849609375
2,1.5079975128173828e-05
4,0.03607177734375
4,0.0145111083984375
3,0.04656982421875
3,0.0003120899200439453
1,0.0232696533203125
1,0.0635986328125
2,0.0333251953125
1,0.00014269351959228516
1,0.00897979736328125
4,0.0002353191375732422
2,0.037811279296875
1,0.0499267578125
4,0.07562255859375
3,0.061004638671875
4,9.202957153320312e-05
4,0.04461669921875
2,0.002613067626953125
2,0.04644775390625
4,7.903575897216797e-05
4,0.0218353271484375
1,0.0019989013671875
3,0.04974365234375
4,0.0285797119140625
4,0.07623291015625
2,1.2636184692382812e-05
3,0.0138702392578125
2,0.00023603439331054688
1,3.814697265625e-05
2,0.00968170166015625
4,0.01505279541015625
2,0.0350341796875
2,0.026214599609375
2,0.00010943412780761719
4,0.036834716796875
4,0.0133056640625
2,0.07659912109375
1,0.00010788440704345703
3,1.239776611328125e-05
2,0.05438232421875
3,0.0008087158203125
3,0.01053619384765625
4,0.00818634033203125
4,0.042938232421875
1,0.0012388229370117188
4,0.017822265625
3,0.01186370849609375
2,0.06121826171875
1,0.0206146240234375
2,0.035430908203125
3,0.0220794677734375
1,0.01922607421875
3,0.001953125
4,0.039306640625
3,0.0009207725524902344
2,0.024627685546875
4,0.00043129920959472656
4,0.004405975341796875
1,0.037200927734375
2,0.058502197265625
1,2.205371856689453e-05
2,0.0182342529296875
2,0.0438232421875
3,0.000270843505859375
4,0.046875
1,2.9087066650390625e-05
1,0.01849365234375
2,0.0406494140625
2,0.0537109375
3,7.43865966796875e-05
2,0.045013427734375
2,0.041839599609375
1,0.0002512931823730469
3,0.0447998046875
1,0.055389404296875
4,0.033721923828125
4,0.01470947265625
1,0.0088043212890625
1,0.07464599609375
2,0.0614013671875
2,0.0008645057678222656
3,0.0265045166015625
2,0.0281524658203125
1,0.0303497314453125
1,0.050048828125
1,0.0176239013671875
4,0.04193115234375
4,0.037017822265625
4,0.0193328857421875
2,0.0592041015625
4,0.026214599609375
4,0.0228118896484375
2,0.0504150390625
3,0.09771728515625
4,0.058349609375
3,0.017242431640625
1,0.01273345947265625
2,0.10272216796875
1,0.050323486328125
4,5.7578086853027344e-05
2,0.038665771484375
2,0.01180267333984375
4,0.028656005859375
3,0.0182952880859375
2,0.00016987323760986328
1,0.0706787109375
4,0.00841522216796875
3,0.0020160675048828125
1,0.0257568359375
3,0.0182037353515625
1,0.0758056640625
1,0.0014858245849609375
4,0.015899658203125
3,0.00539398193359375
2,0.03955078125
2,0.053619384765625
3,0.03436279296875
1,0.0031871795654296875
4,0.0160064697265625
1,2.4199485778808594e-05
2,0.044677734375
2,0.03839111328125
2,0.04925537109375
1,7.081031799316406e-05
1,0.00011986494064331055
2,0.0736083984375
1,6.0617923736572266e-05
3,0.0701904296875
1,0.036163330078125
4,0.01313018798828125
3,0.04693603515625
4,0.02349853515625
4,0.064453125
4,0.0302886962890625
1,0.0396728515625
3,0.016571044921875
2,0.0032863616943359375
1,0.029388427734375
2,0.041015625
1,0.01934814453125
4,0.0107879638671875
4,0.07574462890625
3,0.0027523040771484375
2,0.0109710693359375
2,0.0016832351684570312
1,0.06427001953125
3,0.043975830078125
1,0.026092529296875
1,0.04974365234375
1,0.032073974609375
4,0.03839111328125
3,0.038909912109375
1,0.01468658447265625
1,0.03875732421875
1,0.00656890869140625
1,0.042999267578125
1,0.005512237548828125
2,0.040557861328125
1,4.398822784423828e-05
2,0.047576904296875
1,0.0011892318725585938
4,0.091796875
4,0.0224151611328125
2,5.3942203521728516e-05
1,0.017974853515625
1,0.028533935546875
1,5.2034854888916016e-05
1,0.0250396728515625
4,0.00012874603271484375
3,0.034515380859375
1,0.0002841949462890625
4,1.633167266845703e-05
4,0.03546142578125
3,0.0294342041015625
3,0.02703857421875
2,0.0011816024780273438
1,0.028076171875
2,0.0404052734375
2,0.0162506103515625
2,0.042999267578125
4,0.0200958251953125
1,0.0015916824340820312
3,0.01560211181640625
2,0.030517578125
3,0.0791015625
2,0.04254150390625
2,0.0238494873046875
4,0.00673675537109375
3,0.046875
3,3.8683414459228516e-05
2,0.0638427734375
1,0.0269317626953125
1,0.09075927734375
1,0.0384521484375
2,0.0076751708984375
2,0.07171630859375
3,0.00032711029052734375
1,0.021697998046875
3,0.023040771484375
4,6.663799285888672e-05
3,0.0270843505859375
4,0.0253448486328125
4,0.0020503997802734375
4,0.042510986328125
3,0.00015473365783691406
1,0.0418701171875
1,0.021820068359375
3,0.0234375
1,0.0008540153503417969
2,0.055328369140625
4,0.01702880859375
4,0.0229339599609375
1,0.01226043701171875
2,0.02227783203125
4,0.08038330078125
2,0.0125732421875
3,0.021514892578125
4,0.01194000244140625
2,0.0167999267578125
1,0.07342529296875
4,0.09576416015625
1,0.0004019737243652344
1,0.0853271484375
2,0.09967041015625
2,0.1175537109375
2,0.01355743408203125
4,5.6862831115722656e-05
1,6.389617919921875e-05
1,0.0233154296875
1,0.059356689453125
