,Answer_ID,Bias
0,1,0.00154876708984375
1,2,0.024749755859375
2,4,0.059722900390625
3,3,0.025665283203125
4,1,0.019256591796875
5,4,0.03076171875
6,2,0.02398681640625
7,4,0.0272674560546875
8,1,0.037445068359375
9,2,0.048919677734375
10,2,0.04705810546875
11,4,0.0174407958984375
12,2,0.0081634521484375
13,2,0.04937744140625
14,2,0.05206298828125
15,2,0.00909423828125
16,1,0.009033203125
17,4,1.9609928131103516e-05
18,2,0.0479736328125
19,4,0.00299072265625
20,2,0.031982421875
21,2,0.032257080078125
22,1,0.013763427734375
23,3,0.0235595703125
24,2,0.006072998046875
25,2,8.988380432128906e-05
26,3,0.0648193359375
27,2,0.0216827392578125
28,3,0.08624267578125
29,2,0.05950927734375
30,2,0.0022125244140625
31,1,0.0002627372741699219
32,3,0.0284423828125
33,3,0.0241546630859375
34,3,0.008758544921875
35,2,0.022064208984375
36,4,0.0198211669921875
37,1,0.00010013580322265625
38,4,0.0036678314208984375
39,1,0.04608154296875
40,3,0.0247039794921875
41,4,0.04193115234375
42,4,0.021209716796875
43,2,0.0830078125
44,1,0.01428985595703125
45,4,0.04571533203125
46,3,0.0252227783203125
47,4,0.002124786376953125
48,3,0.032623291015625
49,2,0.045257568359375
50,3,0.00010544061660766602
51,1,0.035308837890625
52,3,0.127685546875
53,4,0.02508544921875
54,3,0.04815673828125
55,1,0.043853759765625
56,1,0.004913330078125
57,4,0.040985107421875
58,3,0.020355224609375
59,3,0.06683349609375
60,3,0.055633544921875
61,1,0.03216552734375
62,4,0.061492919921875
63,2,0.0048675537109375
64,3,0.0027523040771484375
65,3,0.05517578125
66,4,0.00183868408203125
67,3,0.0001583099365234375
68,3,0.034881591796875
69,2,0.00032258033752441406
70,3,5.501508712768555e-05
71,1,0.0021514892578125
72,2,0.059814453125
73,1,0.03466796875
74,2,0.10235595703125
75,4,0.057281494140625
76,1,0.08294677734375
77,3,0.00656890869140625
78,3,0.0243988037109375
79,2,0.044525146484375
80,4,0.04693603515625
81,2,0.056884765625
82,3,0.037506103515625
83,3,0.06549072265625
84,4,8.64267349243164e-05
85,1,0.00018024444580078125
86,4,0.04217529296875
87,4,0.023773193359375
88,2,0.04034423828125
89,2,0.0006761550903320312
90,1,0.05792236328125
91,3,0.039031982421875
92,1,0.01392364501953125
93,2,0.00540924072265625
94,1,0.045928955078125
95,2,0.0029163360595703125
96,1,0.029876708984375
97,3,0.1129150390625
98,1,0.021453857421875
99,4,0.027130126953125
100,2,0.02508544921875
101,3,0.062408447265625
102,4,0.01161956787109375
103,2,0.01544189453125
104,4,0.018096923828125
105,3,0.00913238525390625
106,1,0.0233001708984375
107,1,0.08245849609375
108,1,0.0318603515625
109,1,0.0296783447265625
110,3,0.059234619140625
111,2,0.041748046875
112,3,0.0139617919921875
113,1,0.0640869140625
114,2,0.0294036865234375
115,3,0.09918212890625
116,1,6.949901580810547e-05
117,2,0.0235595703125
118,3,0.01214599609375
119,2,0.00013363361358642578
120,1,6.514787673950195e-05
121,2,0.023468017578125
122,4,0.0253753662109375
123,4,0.0006556510925292969
124,4,0.0279541015625
125,4,0.0709228515625
126,4,0.037994384765625
127,3,0.0743408203125
128,2,0.00045299530029296875
129,1,0.028289794921875
130,4,0.053466796875
131,1,0.0128631591796875
132,1,0.05975341796875
133,2,0.0777587890625
134,1,4.315376281738281e-05
135,3,0.048065185546875
136,3,0.00066375732421875
137,1,0.00492095947265625
138,1,0.0251617431640625
139,1,0.0001621246337890625
140,3,0.072998046875
141,4,0.0090179443359375
142,2,0.0017156600952148438
143,4,0.0235748291015625
144,1,0.0005664825439453125
145,3,0.0172119140625
146,2,0.03955078125
147,2,0.02484130859375
148,4,0.058837890625
149,2,0.0032501220703125
150,1,0.044342041015625
151,3,0.061553955078125
152,3,0.08807373046875
153,4,0.01197052001953125
154,1,0.024505615234375
155,1,0.0372314453125
156,3,0.053436279296875
157,3,0.0736083984375
158,1,0.0007476806640625
159,2,0.041778564453125
160,4,0.0268707275390625
161,1,0.00021064281463623047
162,2,0.059417724609375
163,2,0.0069732666015625
164,1,0.017578125
165,1,0.03814697265625
166,1,0.039337158203125
167,2,0.046844482421875
168,3,0.1380615234375
169,3,0.017333984375
170,3,0.0001569986343383789
171,4,0.023406982421875
172,1,0.027679443359375
173,3,0.0255126953125
174,2,0.011993408203125
175,2,0.09088134765625
176,4,0.03472900390625
177,3,0.03338623046875
178,1,0.0703125
179,1,0.0587158203125
180,3,0.0011072158813476562
181,2,0.058929443359375
182,4,0.0302734375
183,2,0.06414794921875
184,2,0.0113983154296875
185,3,0.056549072265625
186,1,0.00032591819763183594
187,4,0.060333251953125
188,2,0.057403564453125
189,3,0.01111602783203125
190,4,0.048736572265625
191,1,0.0001709461212158203
192,3,0.0704345703125
193,3,0.049346923828125
194,2,0.0643310546875
195,1,0.0667724609375
196,1,0.03277587890625
197,3,0.01381683349609375
198,3,0.03350830078125
199,1,0.0496826171875
200,2,0.04144287109375
201,1,0.016815185546875
202,4,0.01264190673828125
203,2,0.0015869140625
204,1,0.035888671875
205,2,0.044342041015625
206,3,0.03924560546875
207,2,0.050079345703125
208,1,8.106231689453125e-05
209,2,0.058135986328125
210,2,0.01568603515625
211,3,0.0079345703125
212,3,3.522634506225586e-05
213,3,0.01222991943359375
214,2,0.05963134765625
215,2,0.004093170166015625
216,4,0.03216552734375
217,4,0.0177001953125
218,4,0.038787841796875
219,3,0.020751953125
220,4,0.04840087890625
221,3,0.03369140625
222,3,0.04302978515625
223,3,0.016204833984375
224,3,0.004241943359375
225,4,0.027008056640625
226,1,8.863210678100586e-05
227,4,0.0233917236328125
228,3,0.050506591796875
229,3,0.062469482421875
230,1,0.0323486328125
231,2,0.036376953125
232,1,0.01334381103515625
233,1,7.134675979614258e-05
234,4,0.035797119140625
235,4,0.0263214111328125
236,3,0.052276611328125
237,4,0.0302886962890625
238,2,0.074951171875
239,3,0.03277587890625
240,3,7.50422477722168e-05
241,4,0.027740478515625
242,3,0.047027587890625
243,1,0.007770538330078125
244,4,0.06597900390625
245,3,0.0150909423828125
246,3,0.0010118484497070312
247,3,0.045196533203125
248,1,0.053192138671875
249,2,0.005847930908203125
250,1,0.039337158203125
251,1,0.03228759765625
252,2,5.644559860229492e-05
253,2,0.0251312255859375
254,2,0.0308685302734375
255,2,0.03680419921875
256,1,0.0379638671875
257,1,0.0006527900695800781
258,4,0.05279541015625
259,3,0.041107177734375
260,4,8.165836334228516e-05
261,4,0.0031261444091796875
262,2,0.0026378631591796875
263,4,0.039306640625
264,4,0.10693359375
265,1,0.003444671630859375
266,3,0.0826416015625
267,2,0.02374267578125
268,3,0.00021195411682128906
269,3,0.005985260009765625
270,3,0.0272674560546875
271,3,0.048614501953125
272,4,0.014892578125
273,2,0.0002073049545288086
274,3,0.00031828880310058594
275,4,0.00013184547424316406
276,3,0.0229949951171875
277,3,0.052459716796875
278,2,0.0002665519714355469
279,4,0.020660400390625
280,2,0.0011625289916992188
281,1,0.01568603515625
282,2,0.0161285400390625
283,2,0.027496337890625
284,2,0.0167999267578125
285,3,0.00040435791015625
286,2,0.0273590087890625
287,1,0.03253173828125
288,3,0.0265350341796875
289,2,0.05755615234375
290,1,0.0197296142578125
291,1,0.0003151893615722656
292,4,0.10595703125
293,4,0.040985107421875
294,1,0.00095367431640625
295,2,0.053375244140625
296,4,0.0186767578125
297,3,0.0015048980712890625
298,2,0.03509521484375
299,4,0.004608154296875
300,1,0.0008916854858398438
301,2,8.177757263183594e-05
302,1,0.01323699951171875
303,4,0.039825439453125
304,4,4.6312808990478516e-05
305,1,0.06756591796875
306,2,0.04656982421875
307,2,0.00628662109375
308,4,0.045684814453125
309,1,0.04571533203125
310,2,0.0008916854858398438
311,4,0.02593994140625
312,4,0.02764892578125
313,4,0.045654296875
314,2,0.02301025390625
315,1,0.013397216796875
316,1,0.07611083984375
317,3,6.109476089477539e-05
318,3,0.04583740234375
319,2,0.0071868896484375
320,4,0.04901123046875
321,3,0.1138916015625
322,2,0.033355712890625
323,4,0.0017518997192382812
324,1,0.00025725364685058594
325,2,0.00750732421875
326,2,0.022308349609375
327,1,0.046112060546875
328,2,0.023590087890625
329,2,4.392862319946289e-05
330,1,0.032684326171875
331,3,0.0243682861328125
332,4,0.001735687255859375
333,1,0.016510009765625
334,2,0.059600830078125
335,3,0.0869140625
336,2,0.07049560546875
337,2,0.0413818359375
338,2,0.01517486572265625
339,4,0.0005216598510742188
340,3,0.055084228515625
341,3,5.543231964111328e-05
342,4,0.03118896484375
343,2,0.061614990234375
344,1,0.0005927085876464844
345,3,0.05731201171875
346,4,0.027679443359375
347,4,0.027587890625
348,2,0.11370849609375
349,1,0.02325439453125
350,4,0.03253173828125
351,1,0.09210205078125
352,1,0.0235748291015625
353,3,0.0188446044921875
354,4,0.045013427734375
355,2,0.06475830078125
356,1,0.09075927734375
357,1,0.0005960464477539062
358,2,0.0113372802734375
359,4,0.05029296875
360,1,0.10809326171875
361,1,0.00011152029037475586
362,2,0.05877685546875
363,1,0.0173797607421875
364,1,0.052520751953125
365,1,9.417533874511719e-06
366,2,0.060577392578125
367,2,0.0005621910095214844
368,2,0.002391815185546875
369,1,1.728534698486328e-05
370,1,0.11639404296875
371,2,0.04534912109375
372,4,0.009765625
373,1,0.047210693359375
374,3,0.0249176025390625
375,3,0.038726806640625
376,3,0.009063720703125
377,4,0.0058746337890625
378,3,3.135204315185547e-05
379,1,0.038055419921875
380,2,0.004467010498046875
381,1,0.06494140625
382,3,0.0206298828125
383,1,0.022857666015625
384,1,0.03570556640625
385,2,0.0160064697265625
386,3,9.769201278686523e-05
387,4,0.083740234375
388,3,0.128662109375
389,1,0.00975799560546875
390,3,0.0012292861938476562
391,3,0.016510009765625
392,4,0.0290069580078125
393,2,0.04351806640625
394,1,0.01476287841796875
395,1,0.020843505859375
396,2,0.0128173828125
397,4,0.021209716796875
398,2,0.02154541015625
399,4,0.0206298828125
400,1,0.006046295166015625
401,3,0.03607177734375
402,2,0.054412841796875
403,3,0.0011844635009765625
404,3,0.05621337890625
405,3,0.0268096923828125
406,1,0.0184326171875
407,3,0.00408172607421875
408,4,0.054229736328125
409,1,0.00013816356658935547
410,1,0.033843994140625
411,2,0.045440673828125
412,3,0.038543701171875
413,2,0.01078033447265625
414,2,0.022247314453125
415,4,0.02325439453125
416,4,0.0027065277099609375
417,4,0.043670654296875
418,2,0.0704345703125
419,2,0.00982666015625
420,3,0.01129913330078125
421,3,0.017822265625
422,1,0.04095458984375
423,4,0.038818359375
424,2,0.0341796875
425,4,0.0008645057678222656
426,1,0.0093536376953125
427,1,0.07525634765625
428,4,0.016571044921875
429,4,0.04150390625
430,4,0.050018310546875
431,3,0.013946533203125
432,1,0.0635986328125
433,1,0.042999267578125
434,4,0.048797607421875
435,2,0.0279083251953125
436,1,0.00029778480529785156
437,4,0.00433349609375
438,2,0.00670623779296875
439,2,0.047607421875
440,3,0.04791259765625
441,4,0.03948974609375
442,1,0.01305389404296875
443,2,0.030059814453125
444,1,1.2755393981933594e-05
445,1,0.040924072265625
446,1,0.016387939453125
447,3,0.004497528076171875
448,1,0.007511138916015625
449,3,0.0638427734375
450,2,0.004852294921875
451,2,3.337860107421875e-06
452,2,0.07757568359375
453,3,0.0132598876953125
454,3,0.0066680908203125
455,4,0.035552978515625
456,1,0.020233154296875
457,4,0.03094482421875
458,2,0.021820068359375
459,1,0.03155517578125
460,1,3.695487976074219e-05
461,1,0.0311737060546875
462,1,0.0450439453125
463,3,5.7220458984375e-05
464,4,0.0009031295776367188
465,3,0.045379638671875
466,2,0.00013208389282226562
467,1,0.031402587890625
468,2,0.048248291015625
469,4,0.05450439453125
470,1,4.3392181396484375e-05
471,4,0.0029392242431640625
472,4,7.206201553344727e-05
473,3,0.0279083251953125
474,1,0.0272674560546875
475,1,0.0006313323974609375
476,4,0.053802490234375
477,1,0.04766845703125
478,4,0.03656005859375
479,1,0.03143310546875
480,1,0.00010579824447631836
481,2,0.0718994140625
482,2,0.04248046875
483,1,0.0005426406860351562
484,4,0.0167083740234375
485,1,0.00019288063049316406
486,3,0.007183074951171875
487,1,0.049346923828125
488,2,0.059783935546875
489,1,3.987550735473633e-05
490,3,0.047088623046875
491,2,0.0268096923828125
492,4,0.00951385498046875
493,1,0.024078369140625
494,2,0.0411376953125
495,2,0.0210418701171875
496,2,0.0205078125
497,4,0.01277923583984375
498,1,5.84721565246582e-05
499,3,0.02154541015625
500,3,0.06280517578125
501,3,0.06292724609375
502,4,0.042877197265625
503,4,0.00887298583984375
504,2,0.00116729736328125
505,3,0.0225372314453125
506,4,0.0215301513671875
507,2,0.019195556640625
508,2,0.0016698837280273438
509,1,0.047393798828125
510,2,0.0311126708984375
511,2,0.0053863525390625
512,1,0.041534423828125
513,1,0.01617431640625
514,4,0.0007891654968261719
515,1,0.00463104248046875
516,3,4.458427429199219e-05
517,1,0.07720947265625
518,2,7.063150405883789e-05
519,4,0.037628173828125
520,4,0.0152435302734375
521,4,0.007122039794921875
522,4,3.826618194580078e-05
523,1,0.056640625
524,2,0.017242431640625
525,3,0.03753662109375
526,4,0.0140228271484375
527,4,0.00922393798828125
528,4,0.0164031982421875
529,4,0.0006875991821289062
530,1,1.9848346710205078e-05
531,1,0.00011199712753295898
532,2,0.0199432373046875
533,4,0.0284423828125
534,1,5.507469177246094e-05
535,1,0.06732177734375
536,4,3.606081008911133e-05
537,1,0.11798095703125
538,1,0.0618896484375
539,2,0.088134765625
540,3,0.015106201171875
541,4,0.03240966796875
542,1,0.0001042485237121582
543,1,0.047882080078125
544,2,0.0694580078125
545,1,0.03125
546,2,0.005580902099609375
547,2,0.004283905029296875
548,3,0.06158447265625
549,3,0.0386962890625
550,1,0.027740478515625
551,2,8.440017700195312e-05
552,3,0.0007948875427246094
553,2,0.0303497314453125
554,4,0.0245819091796875
555,1,0.0003314018249511719
556,3,0.055419921875
557,1,0.01314544677734375
558,1,0.0081329345703125
559,1,0.059661865234375
560,3,0.0007686614990234375
561,1,0.01041412353515625
562,3,0.002178192138671875
563,3,0.00022912025451660156
564,4,0.0193939208984375
565,2,0.028656005859375
566,1,0.00015044212341308594
567,2,0.061065673828125
568,4,0.0292205810546875
569,3,0.01934814453125
570,4,0.044189453125
571,1,0.031707763671875
572,4,0.0462646484375
573,2,0.0041656494140625
574,4,0.002834320068359375
575,1,0.0012254714965820312
576,2,0.0180511474609375
577,3,0.048248291015625
578,2,0.0006365776062011719
579,2,0.07940673828125
580,1,0.078125
581,1,0.0253143310546875
582,4,0.0682373046875
583,4,0.01337432861328125
584,1,1.3828277587890625e-05
585,1,7.367134094238281e-05
586,3,0.002368927001953125
587,4,0.052215576171875
588,1,0.02691650390625
589,1,0.03912353515625
590,4,0.06787109375
591,2,0.00022470951080322266
592,1,0.053497314453125
593,3,0.01514434814453125
594,4,0.040008544921875
595,3,0.004802703857421875
596,1,0.0303497314453125
597,2,0.00017917156219482422
598,2,7.569789886474609e-06
599,2,0.061553955078125
600,2,0.0283203125
601,1,0.039886474609375
602,1,7.808208465576172e-06
603,3,0.005222320556640625
604,1,0.0008673667907714844
605,4,0.1064453125
606,1,0.0011072158813476562
607,1,0.0018606185913085938
608,3,0.003292083740234375
609,3,0.00830078125
610,4,0.01800537109375
611,2,0.065673828125
612,3,0.0257110595703125
613,1,0.0272369384765625
614,2,0.061431884765625
615,3,0.042388916015625
616,4,0.01116943359375
617,3,0.06280517578125
618,2,0.06976318359375
619,2,0.01218414306640625
620,2,2.855062484741211e-05
621,1,0.04754638671875
622,1,6.949901580810547e-05
623,4,0.0018863677978515625
624,1,0.053863525390625
625,1,0.01291656494140625
626,2,0.0229034423828125
627,2,0.02392578125
628,4,0.0008573532104492188
629,4,0.007534027099609375
630,1,0.016632080078125
631,2,0.00237274169921875
632,4,0.0123748779296875
633,4,0.01528167724609375
634,1,0.033966064453125
635,1,0.0018835067749023438
636,2,0.01364898681640625
637,3,0.00914764404296875
638,4,0.032135009765625
639,4,0.043121337890625
640,3,0.00360870361328125
641,2,0.00560760498046875
642,1,0.05938720703125
643,4,0.03851318359375
644,4,0.017974853515625
645,1,0.01788330078125
646,2,6.35385513305664e-05
647,4,0.055694580078125
648,1,0.055694580078125
649,3,0.034912109375
650,3,0.0016727447509765625
651,4,4.744529724121094e-05
652,2,0.00115203857421875
653,3,0.0294647216796875
654,1,0.03985595703125
655,2,0.0301361083984375
656,4,0.023834228515625
657,3,1.430511474609375e-05
658,1,0.045623779296875
659,1,0.00870513916015625
660,1,0.05426025390625
661,2,0.02294921875
662,1,0.0004494190216064453
663,2,0.0007843971252441406
664,4,0.00048828125
665,1,0.026824951171875
666,4,0.0885009765625
667,4,0.016204833984375
668,1,0.0004551410675048828
669,4,0.00013935565948486328
670,2,0.0198822021484375
671,2,0.03338623046875
672,1,0.053070068359375
673,1,0.00937652587890625
674,3,0.033538818359375
675,4,0.007305145263671875
676,1,0.025238037109375
677,4,0.02581787109375
678,1,0.03668212890625
679,2,0.0285186767578125
680,3,0.04248046875
681,4,0.00887298583984375
682,2,0.004131317138671875
683,1,0.026275634765625
684,2,0.03289794921875
685,3,0.03076171875
686,2,0.00812530517578125
687,2,0.09698486328125
688,4,4.661083221435547e-05
689,3,0.047576904296875
690,2,0.0013036727905273438
691,2,0.0001239776611328125
692,2,0.036102294921875
693,1,0.0166168212890625
694,2,0.031005859375
695,1,0.00020051002502441406
696,3,0.0003724098205566406
697,1,0.08148193359375
698,1,0.072265625
699,4,0.0133819580078125
700,4,0.0252532958984375
701,1,0.040435791015625
702,3,0.005340576171875
703,3,0.026947021484375
704,3,0.0160064697265625
705,1,5.3882598876953125e-05
706,3,0.046295166015625
707,2,0.0006947517395019531
708,2,0.07208251953125
709,1,0.051544189453125
710,2,0.039825439453125
711,3,4.017353057861328e-05
712,1,0.00506591796875
713,2,0.033843994140625
714,1,0.058563232421875
715,4,0.0140533447265625
716,2,0.000957489013671875
717,1,0.05438232421875
718,2,0.029571533203125
719,1,0.01198577880859375
720,4,0.0018510818481445312
721,1,0.059234619140625
722,3,0.00989532470703125
723,2,0.043487548828125
724,4,0.039886474609375
725,2,0.0648193359375
726,1,0.001209259033203125
727,1,0.045928955078125
728,2,5.459785461425781e-05
729,3,0.0022735595703125
730,4,3.427267074584961e-05
731,3,0.00022733211517333984
732,1,0.025360107421875
733,1,0.029022216796875
734,2,0.033660888671875
735,4,0.05328369140625
736,4,0.00022864341735839844
737,1,0.0667724609375
738,2,6.943941116333008e-05
739,1,0.0430908203125
740,1,0.0301055908203125
741,1,0.0003561973571777344
742,1,0.0114593505859375
743,2,0.045654296875
744,3,0.045196533203125
745,2,0.041351318359375
746,4,0.0151519775390625
747,3,0.017242431640625
748,1,0.0142669677734375
749,1,0.00019180774688720703
750,3,0.05328369140625
751,4,0.042266845703125
752,2,0.0633544921875
753,3,0.004184722900390625
754,1,0.0272674560546875
755,4,0.050323486328125
756,3,0.031158447265625
757,1,0.0002338886260986328
758,1,0.0084686279296875
759,1,0.007450103759765625
760,4,3.8623809814453125e-05
761,1,0.00982666015625
762,2,0.01096343994140625
763,3,0.027435302734375
764,2,0.002872467041015625
765,3,0.01629638671875
766,2,0.09674072265625
767,2,0.0236663818359375
768,3,0.0200347900390625
769,1,0.05419921875
770,2,0.06536865234375
771,2,0.027496337890625
772,3,0.05035400390625
773,3,0.00015974044799804688
774,1,0.04095458984375
775,2,0.03643798828125
776,4,0.019134521484375
777,2,0.055755615234375
778,4,0.00025725364685058594
779,2,0.001804351806640625
780,4,0.008148193359375
781,4,0.0033931732177734375
782,3,0.06512451171875
783,3,5.9723854064941406e-05
784,2,0.0316162109375
785,1,0.01532745361328125
786,1,0.055694580078125
787,2,0.0208587646484375
788,2,0.0246734619140625
789,3,0.00040411949157714844
790,1,0.02508544921875
791,3,0.09576416015625
792,1,0.0269317626953125
793,4,0.047943115234375
794,1,0.084228515625
795,4,0.048126220703125
796,2,0.0007581710815429688
797,2,0.00814056396484375
798,2,0.046630859375
799,1,0.006229400634765625
800,1,0.01319122314453125
801,3,4.589557647705078e-05
802,1,0.04779052734375
803,3,0.0618896484375
804,2,0.0216064453125
805,1,0.058685302734375
806,1,0.0007786750793457031
807,3,9.22083854675293e-05
808,2,0.0672607421875
809,1,0.0002963542938232422
810,1,0.0035266876220703125
811,1,0.045989990234375
812,1,0.006816864013671875
813,2,0.044036865234375
814,1,0.08746337890625
815,2,0.0269012451171875
816,3,0.0005674362182617188
817,4,0.0386962890625
818,1,0.0011959075927734375
819,2,0.0188446044921875
820,2,0.06982421875
821,2,0.055877685546875
822,2,0.0709228515625
823,4,0.035125732421875
824,3,0.013397216796875
825,3,0.07440185546875
826,2,0.08978271484375
827,1,0.0290679931640625
828,2,0.066162109375
829,1,0.010955810546875
830,3,8.416175842285156e-05
831,3,0.033935546875
832,4,0.0033435821533203125
833,1,0.041473388671875
834,2,0.022247314453125
835,1,0.0034046173095703125
836,1,0.0021839141845703125
837,1,0.02783203125
838,4,0.032928466796875
839,3,0.023895263671875
840,2,0.0595703125
841,1,0.041229248046875
842,4,0.0208282470703125
843,1,0.004695892333984375
844,3,0.0307464599609375
845,1,2.586841583251953e-05
846,2,0.07135009765625
847,2,0.0250091552734375
848,1,0.00026106834411621094
849,3,0.061309814453125
850,4,0.06756591796875
851,4,0.03912353515625
852,3,0.00026798248291015625
853,3,0.0168609619140625
854,3,0.050994873046875
855,1,0.05999755859375
856,1,0.0309295654296875
857,2,0.057952880859375
858,3,0.0003533363342285156
859,2,0.00013387203216552734
860,1,0.013427734375
861,4,0.0190582275390625
862,2,0.033111572265625
863,2,0.0328369140625
864,3,0.009033203125
865,3,0.0289764404296875
866,2,6.097555160522461e-05
867,1,0.03607177734375
868,3,0.00237274169921875
869,3,0.01495361328125
870,1,0.0281524658203125
871,1,0.01432037353515625
872,3,0.07318115234375
873,1,0.0787353515625
874,1,0.048248291015625
875,2,0.0033359527587890625
876,2,0.059814453125
877,4,0.01378631591796875
878,2,3.463029861450195e-05
879,1,0.043182373046875
880,4,0.0073394775390625
881,3,0.0006265640258789062
882,3,0.0406494140625
883,4,0.0010976791381835938
884,3,0.037933349609375
885,3,0.024139404296875
886,3,0.045989990234375
887,3,0.032012939453125
888,2,0.049102783203125
889,1,0.06378173828125
890,2,0.0181732177734375
891,4,0.0220489501953125
892,1,0.03411865234375
893,1,0.030242919921875
894,2,0.03790283203125
895,2,0.053009033203125
896,2,2.9146671295166016e-05
897,1,0.03472900390625
898,4,0.03717041015625
899,3,0.0013885498046875
900,2,0.0050506591796875
901,1,0.017913818359375
902,1,0.0008983612060546875
903,2,0.0633544921875
904,4,0.0186767578125
905,4,0.056884765625
906,1,0.00998687744140625
907,3,0.0654296875
908,1,0.07733154296875
909,1,0.0009832382202148438
910,2,0.022552490234375
911,1,0.001316070556640625
912,4,0.00383758544921875
913,2,0.033966064453125
914,3,0.0194091796875
915,4,0.0199737548828125
916,4,0.0428466796875
917,1,6.306171417236328e-05
918,3,0.0626220703125
919,3,0.0325927734375
920,1,0.00283050537109375
921,3,0.0594482421875
922,3,0.005542755126953125
923,3,0.00252532958984375
924,3,0.01334381103515625
925,1,0.02679443359375
926,1,0.0237274169921875
927,1,0.00038242340087890625
928,1,0.00019121170043945312
929,3,0.0004963874816894531
930,2,0.027587890625
931,3,0.07049560546875
932,4,0.08465576171875
933,3,0.0274505615234375
934,1,0.0007739067077636719
935,3,0.01396942138671875
936,2,0.0005006790161132812
937,4,0.055084228515625
938,2,0.0186004638671875
939,1,0.1015625
940,1,0.004505157470703125
941,3,0.031463623046875
942,3,0.10504150390625
943,4,0.03759765625
944,3,0.0120086669921875
945,2,0.01654052734375
946,2,0.01824951171875
947,4,0.006374359130859375
948,2,0.03466796875
949,3,0.060272216796875
950,4,0.050933837890625
951,1,0.06683349609375
952,1,0.035919189453125
953,4,0.0278167724609375
954,2,0.0246429443359375
955,2,0.02001953125
956,4,0.022613525390625
957,1,0.01434326171875
958,1,0.01153564453125
959,1,0.00017511844635009766
960,3,0.048004150390625
961,4,0.0579833984375
962,3,0.046905517578125
963,1,0.031158447265625
964,1,0.0556640625
965,2,0.0545654296875
966,2,0.0504150390625
967,1,0.0506591796875
968,1,0.0042266845703125
969,1,7.873773574829102e-05
970,4,0.005832672119140625
971,2,0.07318115234375
972,1,0.033843994140625
973,3,0.016387939453125
974,2,0.0477294921875
975,3,0.0003428459167480469
976,1,0.015869140625
977,2,0.01922607421875
978,4,0.0430908203125
979,3,0.0008983612060546875
980,2,0.0001443624496459961
981,1,0.005748748779296875
982,2,0.06805419921875
983,4,0.01534271240234375
984,1,0.01312255859375
985,3,0.05548095703125
986,2,0.0287628173828125
987,2,0.0261077880859375
988,2,0.0849609375
989,1,0.0012121200561523438
990,3,0.0135040283203125
991,2,0.042083740234375
992,1,0.039459228515625
993,4,0.004810333251953125
994,1,0.0264892578125
995,3,0.035858154296875
996,2,0.0272674560546875
997,1,0.067626953125
998,3,0.0249786376953125
999,2,0.036590576171875
1000,4,0.04876708984375
1001,3,0.029693603515625
1002,1,0.036834716796875
1003,3,0.0276947021484375
1004,1,0.0309906005859375
1005,1,0.047393798828125
1006,1,0.0090179443359375
1007,3,0.042572021484375
1008,3,0.002613067626953125
1009,3,0.0173492431640625
1010,2,0.05242919921875
1011,2,0.0489501953125
1012,3,0.06622314453125
1013,1,0.077392578125
1014,1,0.035430908203125
1015,1,0.0171661376953125
1016,1,0.08026123046875
1017,4,0.0134429931640625
1018,1,0.0239715576171875
1019,2,0.02801513671875
1020,3,3.4868717193603516e-05
1021,1,0.016387939453125
1022,4,0.0001671314239501953
1023,2,0.014801025390625
1024,4,0.0426025390625
1025,3,0.0194549560546875
1026,2,0.0001842975616455078
1027,1,0.06329345703125
1028,2,0.0221710205078125
1029,2,0.0225830078125
1030,1,0.0517578125
1031,1,9.083747863769531e-05
1032,2,0.04205322265625
1033,3,0.028594970703125
1034,1,0.055023193359375
1035,4,8.893013000488281e-05
1036,4,0.057342529296875
1037,4,0.0194549560546875
1038,4,0.0240631103515625
1039,3,0.039093017578125
1040,2,0.007221221923828125
1041,4,0.0150146484375
1042,2,0.022552490234375
1043,1,0.01824951171875
1044,3,0.0006384849548339844
1045,3,0.049957275390625
1046,4,0.0103912353515625
1047,3,0.0313720703125
1048,1,0.055450439453125
1049,3,0.0012378692626953125
1050,2,0.0273590087890625
1051,3,0.04351806640625
1052,3,0.01438140869140625
1053,3,0.0235748291015625
1054,4,0.04107666015625
1055,1,1.7523765563964844e-05
1056,3,0.034393310546875
1057,1,0.016510009765625
1058,2,6.42538070678711e-05
1059,1,0.052947998046875
1060,4,0.032257080078125
1061,2,0.052154541015625
1062,2,0.020233154296875
1063,4,0.05096435546875
1064,4,0.0306549072265625
1065,1,0.01397705078125
1066,4,0.0635986328125
1067,2,9.655952453613281e-05
1068,2,0.006351470947265625
1069,1,0.05792236328125
1070,3,0.0130767822265625
1071,1,0.035980224609375
1072,1,0.047210693359375
1073,3,0.058441162109375
1074,3,0.0321044921875
1075,2,0.0278167724609375
1076,3,0.014801025390625
1077,1,0.050323486328125
1078,4,0.007843017578125
1079,1,0.033203125
1080,1,0.052947998046875
1081,2,0.0228729248046875
1082,1,0.0748291015625
1083,2,0.01708984375
1084,1,0.0105438232421875
1085,1,7.992982864379883e-05
1086,4,2.396106719970703e-05
1087,1,0.00013720989227294922
1088,3,0.022979736328125
1089,1,0.0318603515625
1090,4,0.0313720703125
1091,1,0.1053466796875
1092,1,0.0242919921875
1093,2,0.0244293212890625
1094,3,0.023529052734375
1095,4,0.047088623046875
1096,3,0.045806884765625
1097,4,0.06536865234375
1098,1,0.020050048828125
1099,2,0.0565185546875
1100,2,0.04412841796875
1101,2,0.07867431640625
1102,1,0.04693603515625
1103,1,0.076904296875
1104,2,0.067626953125
1105,3,0.00038743019104003906
1106,1,0.020172119140625
1107,2,0.07073974609375
1108,3,0.06890869140625
1109,2,0.00022661685943603516
1110,4,0.02777099609375
1111,3,0.02117919921875
1112,3,0.0208587646484375
1113,4,0.01776123046875
1114,3,0.02325439453125
1115,2,0.018402099609375
1116,2,0.024261474609375
1117,4,0.0654296875
1118,3,0.0017862319946289062
1119,1,0.0001932382583618164
1120,1,8.022785186767578e-05
1121,3,1.049041748046875e-05
1122,2,0.0177764892578125
1123,1,0.00445556640625
1124,3,0.0814208984375
1125,3,1.5676021575927734e-05
1126,3,0.022979736328125
1127,3,3.0279159545898438e-05
1128,4,0.02044677734375
1129,3,0.00031948089599609375
1130,4,0.043060302734375
1131,1,0.048858642578125
1132,4,0.01285552978515625
1133,3,4.2498111724853516e-05
1134,2,0.09674072265625
1135,4,0.06695556640625
1136,2,0.03179931640625
1137,3,0.037322998046875
1138,1,0.039398193359375
1139,1,5.14984130859375e-05
1140,1,0.047027587890625
1141,4,0.10302734375
1142,2,0.0302581787109375
1143,2,0.01419830322265625
1144,4,0.04412841796875
1145,2,0.0203857421875
1146,1,0.00013017654418945312
1147,4,0.0865478515625
1148,3,0.014617919921875
1149,2,0.050994873046875
1150,2,0.0054473876953125
1151,1,0.01203155517578125
1152,1,0.006580352783203125
1153,1,0.04876708984375
1154,1,0.0268707275390625
1155,4,0.0297698974609375
1156,1,0.026031494140625
1157,1,0.01215362548828125
1158,1,0.0010051727294921875
1159,4,0.042572021484375
1160,2,0.0867919921875
1161,4,4.1365623474121094e-05
1162,4,0.0276947021484375
1163,2,0.00795745849609375
1164,3,0.00012445449829101562
1165,1,5.930662155151367e-05
1166,1,0.03997802734375
1167,3,0.044830322265625
1168,3,0.0396728515625
1169,4,0.0035686492919921875
1170,4,0.114501953125
1171,2,8.046627044677734e-05
1172,1,0.05010986328125
1173,3,0.067626953125
1174,4,0.0011444091796875
1175,3,0.055908203125
1176,2,0.0027217864990234375
1177,1,0.0312347412109375
1178,4,0.04730224609375
1179,3,6.031990051269531e-05
1180,2,0.09002685546875
1181,1,0.05328369140625
1182,3,0.0297393798828125
1183,4,0.028228759765625
1184,1,0.044525146484375
1185,2,0.048492431640625
1186,3,1.8358230590820312e-05
1187,3,0.06292724609375
1188,2,0.01143646240234375
1189,4,0.02703857421875
1190,2,0.07110595703125
1191,2,0.00821685791015625
1192,4,0.0157928466796875
1193,2,0.0230712890625
1194,3,0.00678253173828125
1195,1,0.04425048828125
1196,1,0.0239105224609375
1197,1,0.03656005859375
1198,4,0.0263214111328125
1199,2,0.00887298583984375
1200,2,0.04327392578125
1201,3,0.0816650390625
1202,3,0.025604248046875
1203,3,0.06756591796875
1204,1,0.0292816162109375
1205,3,0.0296478271484375
1206,4,0.06781005859375
1207,3,0.00919342041015625
1208,2,0.01308441162109375
1209,3,0.00017142295837402344
1210,1,0.067138671875
1211,2,0.04083251953125
1212,3,2.9206275939941406e-05
1213,4,7.838010787963867e-05
1214,2,0.00010955333709716797
1215,2,2.1755695343017578e-05
1216,2,0.039154052734375
1217,4,0.0294647216796875
1218,2,0.056793212890625
1219,3,0.039642333984375
1220,1,0.043304443359375
1221,3,0.02099609375
1222,4,0.04168701171875
1223,4,0.0001760721206665039
1224,4,0.022918701171875
1225,1,0.0291900634765625
1226,2,0.056060791015625
1227,4,0.0037822723388671875
1228,4,0.007904052734375
1229,1,0.0180206298828125
1230,4,0.0110626220703125
1231,4,0.041015625
1232,1,0.0190277099609375
1233,1,0.036376953125
1234,2,0.00102996826171875
1235,2,0.00208282470703125
1236,1,0.018096923828125
1237,2,0.0438232421875
1238,1,0.074462890625
1239,4,0.03314208984375
1240,1,0.0089569091796875
1241,1,0.03253173828125
1242,2,0.0170135498046875
1243,2,0.01342010498046875
1244,3,0.014068603515625
1245,3,0.058624267578125
1246,3,0.038482666015625
1247,2,0.04241943359375
1248,1,0.039306640625
1249,3,0.0745849609375
1250,2,0.006649017333984375
1251,1,0.037445068359375
1252,3,0.052215576171875
1253,3,0.0654296875
1254,2,6.306171417236328e-05
1255,2,0.03924560546875
1256,2,0.034332275390625
1257,4,0.0010728836059570312
1258,4,0.0233306884765625
1259,4,0.027008056640625
1260,1,0.03759765625
1261,2,0.0135955810546875
1262,3,0.053253173828125
1263,2,0.0025463104248046875
1264,2,0.034149169921875
1265,3,0.046722412109375
1266,4,0.0299224853515625
1267,2,0.053253173828125
1268,2,0.0450439453125
1269,4,0.01154327392578125
1270,2,0.10980224609375
1271,2,0.026519775390625
1272,2,0.040863037109375
1273,4,0.05419921875
1274,2,0.0416259765625
1275,1,0.05816650390625
1276,2,0.0199127197265625
1277,3,0.0364990234375
1278,2,0.053375244140625
1279,4,0.06585693359375
1280,3,0.031494140625
1281,2,0.032958984375
1282,3,0.07659912109375
1283,1,0.024566650390625
1284,2,0.0272369384765625
1285,1,0.04412841796875
1286,3,0.05706787109375
1287,4,0.071044921875
1288,2,0.058929443359375
1289,1,0.0003190040588378906
1290,3,0.016815185546875
1291,1,0.04052734375
1292,4,0.0304412841796875
1293,4,0.0099945068359375
1294,3,1.2576580047607422e-05
1295,3,0.035736083984375
1296,2,0.01052093505859375
1297,2,0.05078125
1298,2,0.0303192138671875
1299,4,0.00019168853759765625
1300,2,0.04583740234375
1301,4,0.0180816650390625
1302,2,0.0263824462890625
1303,4,0.0001952648162841797
1304,1,0.06964111328125
1305,1,0.06298828125
1306,2,0.01418304443359375
1307,3,0.08868408203125
1308,1,0.020263671875
1309,4,0.0183258056640625
1310,2,0.0033855438232421875
1311,1,0.07403564453125
1312,2,0.017181396484375
1313,1,4.315376281738281e-05
1314,4,0.014190673828125
1315,1,0.0141754150390625
1316,1,0.12744140625
1317,3,0.02056884765625
1318,1,0.07440185546875
1319,3,0.08843994140625
1320,1,0.045135498046875
1321,2,0.0215301513671875
1322,1,0.06793212890625
1323,3,0.0140838623046875
1324,1,0.023956298828125
1325,2,0.003753662109375
1326,4,0.014923095703125
1327,3,5.9485435485839844e-05
1328,2,0.1075439453125
1329,3,0.036407470703125
1330,4,0.01178741455078125
1331,4,0.010650634765625
1332,2,0.03399658203125
1333,2,0.0002617835998535156
1334,4,0.0648193359375
1335,3,0.0269622802734375
1336,2,0.053466796875
1337,1,0.044281005859375
1338,4,0.00197601318359375
1339,2,0.009979248046875
1340,1,0.00250244140625
1341,3,0.06866455078125
1342,2,0.004039764404296875
1343,2,0.06121826171875
1344,3,6.67572021484375e-05
1345,1,0.00022745132446289062
1346,2,0.04876708984375
1347,3,0.048370361328125
1348,4,0.055938720703125
1349,4,0.041595458984375
1350,3,0.037933349609375
1351,1,0.0305328369140625
1352,1,0.00335693359375
1353,3,0.060821533203125
1354,2,0.052093505859375
1355,1,1.0132789611816406e-05
1356,4,0.056060791015625
1357,1,0.0633544921875
1358,4,0.02313232421875
1359,3,0.050323486328125
1360,2,0.012176513671875
1361,1,0.049560546875
1362,4,0.01136016845703125
1363,3,0.040618896484375
1364,4,0.0085601806640625
1365,1,0.0401611328125
1366,2,0.0007524490356445312
1367,2,0.02703857421875
1368,1,0.06463623046875
1369,1,0.0121612548828125
1370,1,0.0004277229309082031
1371,2,0.0244598388671875
1372,2,0.0303802490234375
1373,2,0.00014126300811767578
1374,1,0.06976318359375
1375,1,0.032928466796875
1376,3,0.02239990234375
1377,3,0.0152435302734375
1378,4,0.0196685791015625
1379,4,0.06707763671875
1380,3,0.002712249755859375
1381,2,0.046844482421875
1382,2,0.0355224609375
1383,3,0.01605224609375
1384,2,9.5367431640625e-05
1385,1,0.0523681640625
1386,2,0.07928466796875
1387,2,0.042938232421875
1388,2,0.059722900390625
1389,3,0.0021572113037109375
1390,2,0.03106689453125
1391,4,0.0136871337890625
1392,2,0.003833770751953125
1393,1,0.04345703125
1394,2,5.14984130859375e-05
1395,4,0.002105712890625
1396,4,0.021697998046875
1397,3,0.00096893310546875
1398,2,0.054107666015625
1399,1,0.054351806640625
1400,3,5.7816505432128906e-05
1401,2,0.0182037353515625
1402,2,0.071533203125
1403,2,0.0823974609375
1404,1,5.7578086853027344e-05
1405,2,0.031646728515625
1406,1,0.0006518363952636719
1407,3,0.00022459030151367188
1408,3,0.0017366409301757812
1409,1,0.0863037109375
1410,4,0.0675048828125
1411,1,0.0193328857421875
1412,1,0.057037353515625
1413,4,0.0579833984375
1414,1,0.01312255859375
1415,4,0.03076171875
1416,4,0.00020647048950195312
1417,4,0.0980224609375
1418,3,0.0667724609375
1419,1,0.03173828125
1420,3,8.761882781982422e-05
1421,2,0.0413818359375
1422,4,0.05670166015625
1423,2,0.06634521484375
1424,2,0.009063720703125
1425,3,0.0582275390625
1426,4,0.0026531219482421875
1427,3,0.03204345703125
1428,3,1.919269561767578e-05
1429,3,0.0445556640625
1430,4,0.004001617431640625
1431,3,0.03173828125
1432,2,0.031036376953125
1433,4,0.040313720703125
1434,3,0.00022733211517333984
1435,1,0.05169677734375
1436,1,0.0096282958984375
1437,1,0.04290771484375
1438,1,0.00981903076171875
1439,3,0.0003447532653808594
1440,1,0.08404541015625
1441,2,0.0296173095703125
1442,2,3.802776336669922e-05
1443,1,0.04498291015625
1444,2,0.0775146484375
1445,3,0.0002846717834472656
1446,4,0.0260009765625
1447,3,0.040679931640625
1448,4,0.0123291015625
1449,2,0.0018758773803710938
1450,2,0.01433563232421875
1451,2,0.0281982421875
1452,3,0.05596923828125
1453,4,0.00945281982421875
1454,4,4.696846008300781e-05
1455,2,0.01343536376953125
1456,3,0.0270843505859375
1457,1,6.330013275146484e-05
1458,2,0.025482177734375
1459,1,0.0155792236328125
1460,1,0.01299285888671875
1461,3,0.043182373046875
1462,3,0.035858154296875
1463,2,0.041046142578125
1464,1,0.0010986328125
1465,1,0.053466796875
1466,1,0.0027713775634765625
1467,1,0.046234130859375
1468,1,0.0186004638671875
1469,2,0.044036865234375
1470,3,0.03302001953125
1471,4,0.0280914306640625
1472,3,0.051513671875
1473,4,0.033599853515625
1474,3,0.082763671875
1475,4,0.0173492431640625
1476,4,0.00058746337890625
1477,1,1.0132789611816406e-05
1478,2,0.033905029296875
1479,3,0.0170135498046875
1480,4,0.026824951171875
1481,4,0.02142333984375
1482,3,0.04443359375
1483,3,0.0176544189453125
1484,3,0.040252685546875
1485,1,0.047027587890625
1486,2,0.00017178058624267578
1487,2,0.00833892822265625
1488,1,0.04248046875
1489,4,0.0003151893615722656
1490,2,0.00029850006103515625
1491,4,0.0257720947265625
1492,3,0.0733642578125
1493,3,0.038482666015625
1494,2,0.051177978515625
1495,2,0.026824951171875
1496,1,0.005809783935546875
1497,1,0.0927734375
1498,4,0.03948974609375
1499,3,0.04022216796875
1500,1,0.08447265625
1501,4,0.0010633468627929688
1502,1,0.0020008087158203125
1503,2,0.0399169921875
1504,1,0.021942138671875
1505,4,0.005084991455078125
1506,3,8.857250213623047e-05
1507,1,0.004726409912109375
1508,4,0.0517578125
1509,3,0.008758544921875
1510,1,0.05145263671875
1511,4,0.0007619857788085938
1512,3,0.002262115478515625
1513,1,0.00012493133544921875
1514,1,1.0251998901367188e-05
1515,3,0.072998046875
1516,1,0.0333251953125
1517,2,0.01715087890625
1518,4,0.00110626220703125
1519,4,0.039764404296875
1520,1,0.017822265625
1521,2,8.392333984375e-05
1522,1,0.0084991455078125
1523,1,0.016387939453125
1524,1,0.0276031494140625
1525,1,0.034088134765625
1526,1,0.0174407958984375
1527,1,0.05718994140625
1528,2,0.039459228515625
1529,2,0.0246124267578125
1530,1,0.03680419921875
1531,3,0.0004291534423828125
1532,3,0.007740020751953125
1533,2,0.049591064453125
1534,3,0.0002551078796386719
1535,4,8.362531661987305e-05
1536,3,0.0258636474609375
1537,3,0.026397705078125
1538,2,0.08154296875
1539,2,0.0112762451171875
1540,3,0.0128021240234375
1541,3,0.0272216796875
1542,1,0.08843994140625
1543,3,0.0248870849609375
1544,2,0.00013434886932373047
1545,4,0.0828857421875
1546,1,0.00437164306640625
1547,2,1.4603137969970703e-05
1548,4,0.0018835067749023438
1549,3,9.369850158691406e-05
1550,1,0.0003371238708496094
1551,1,0.0017557144165039062
1552,1,0.035369873046875
1553,1,0.00014138221740722656
1554,1,0.04705810546875
1555,3,0.03558349609375
1556,3,0.0165252685546875
1557,3,0.0182037353515625
1558,1,0.047576904296875
1559,4,0.0640869140625
1560,1,0.024749755859375
1561,1,0.001720428466796875
1562,3,0.033355712890625
1563,1,0.01280975341796875
1564,1,0.0755615234375
1565,2,0.044097900390625
1566,1,0.0231781005859375
1567,1,0.00024175643920898438
1568,3,0.031158447265625
1569,3,0.046783447265625
1570,2,0.027496337890625
1571,2,0.00023353099822998047
1572,3,0.033294677734375
1573,2,0.01302337646484375
1574,4,4.976987838745117e-05
1575,3,0.00923919677734375
1576,2,0.0033626556396484375
1577,2,0.0003104209899902344
1578,2,0.0167236328125
1579,1,0.0655517578125
1580,4,0.078857421875
1581,3,0.04144287109375
1582,4,0.00016546249389648438
1583,2,0.00045680999755859375
1584,3,0.0986328125
1585,2,0.05889892578125
1586,3,0.0198211669921875
1587,3,7.87973403930664e-05
1588,2,0.045745849609375
1589,2,0.020263671875
1590,4,0.09674072265625
1591,1,0.0007109642028808594
1592,2,0.007564544677734375
1593,4,0.0166015625
1594,3,0.04656982421875
1595,1,0.0270843505859375
1596,4,0.08526611328125
1597,2,0.058990478515625
1598,3,0.06597900390625
1599,1,0.114990234375
1600,4,0.0196685791015625
1601,1,0.0274658203125
1602,2,0.055755615234375
1603,4,0.0309906005859375
1604,1,0.0183868408203125
1605,2,0.03350830078125
1606,2,0.04962158203125
1607,2,0.01381683349609375
1608,1,1.138448715209961e-05
1609,4,0.028533935546875
1610,4,0.034393310546875
1611,1,0.08673095703125
1612,1,0.0280609130859375
1613,1,0.0465087890625
1614,3,0.0233612060546875
1615,2,0.03271484375
1616,2,0.029296875
1617,2,0.006404876708984375
1618,4,0.04296875
1619,2,0.05242919921875
1620,3,0.006282806396484375
1621,3,0.0308685302734375
1622,1,0.0015249252319335938
1623,1,0.00040268898010253906
1624,3,0.061431884765625
1625,1,0.03680419921875
1626,1,0.0211334228515625
1627,3,0.009521484375
1628,2,0.06378173828125
1629,1,0.00016188621520996094
1630,1,0.0264892578125
1631,4,0.043060302734375
1632,4,0.0009775161743164062
1633,2,0.1251220703125
1634,2,0.03448486328125
1635,1,0.10113525390625
1636,1,0.03759765625
1637,1,7.617473602294922e-05
1638,4,0.02618408203125
1639,2,0.04132080078125
1640,1,0.005950927734375
1641,3,0.07171630859375
1642,2,0.007965087890625
1643,2,0.000926971435546875
1644,3,0.09381103515625
1645,4,0.0015287399291992188
1646,1,0.0015974044799804688
1647,1,0.0121307373046875
1648,3,0.08599853515625
1649,3,0.005496978759765625
1650,3,0.034027099609375
1651,1,0.0006995201110839844
1652,3,0.0005030632019042969
1653,3,0.0096282958984375
1654,4,0.046295166015625
1655,2,0.01317596435546875
1656,1,0.1427001953125
1657,2,0.01062774658203125
1658,1,3.3974647521972656e-05
1659,1,0.00033164024353027344
1660,2,0.012451171875
1661,1,0.037750244140625
1662,4,0.050567626953125
1663,3,4.875659942626953e-05
1664,2,0.01073455810546875
1665,2,0.03338623046875
1666,1,0.07763671875
1667,1,0.0546875
1668,2,0.0618896484375
1669,3,4.7326087951660156e-05
1670,2,0.0194244384765625
1671,3,0.11688232421875
1672,1,0.05572509765625
1673,2,0.0728759765625
1674,2,0.06719970703125
1675,2,2.759695053100586e-05
1676,1,0.03961181640625
1677,1,6.651878356933594e-05
1678,1,0.0389404296875
1679,1,3.3020973205566406e-05
1680,3,0.0240478515625
1681,4,0.00021839141845703125
1682,2,0.0002541542053222656
1683,2,0.051544189453125
1684,2,1.7762184143066406e-05
1685,3,0.00655364990234375
1686,1,0.0029277801513671875
1687,1,0.03277587890625
1688,4,0.0266876220703125
1689,2,0.006534576416015625
1690,3,0.072509765625
1691,1,0.00965118408203125
1692,1,0.03643798828125
1693,2,0.03460693359375
1694,4,0.0215301513671875
1695,4,0.052032470703125
1696,2,0.0362548828125
1697,2,0.051605224609375
1698,4,0.052032470703125
1699,1,0.01171875
1700,3,0.04376220703125
1701,4,0.038421630859375
1702,2,0.0484619140625
1703,1,0.038818359375
1704,1,0.005008697509765625
1705,1,0.05499267578125
1706,3,0.044525146484375
1707,2,6.777048110961914e-05
1708,1,0.045196533203125
1709,1,1.3589859008789062e-05
1710,2,0.0145721435546875
1711,4,0.07025146484375
1712,1,0.0012865066528320312
1713,2,0.029327392578125
1714,4,0.0307769775390625
1715,3,0.0279083251953125
1716,3,0.0010480880737304688
1717,2,0.0016422271728515625
1718,2,0.0029201507568359375
1719,3,0.1014404296875
1720,1,0.026641845703125
1721,4,0.00010907649993896484
1722,1,2.3066997528076172e-05
1723,3,0.00971221923828125
1724,2,0.0177459716796875
1725,1,0.000762939453125
1726,4,6.079673767089844e-05
1727,1,0.013641357421875
1728,3,5.6624412536621094e-05
1729,1,0.005779266357421875
1730,1,0.01103973388671875
1731,3,0.0174407958984375
1732,1,0.031280517578125
1733,4,0.1390380859375
1734,1,0.06854248046875
1735,3,0.011322021484375
1736,3,0.05902099609375
1737,2,0.0010089874267578125
1738,2,0.0301361083984375
1739,1,0.037872314453125
1740,1,0.00119781494140625
1741,1,0.053466796875
1742,3,0.08367919921875
1743,1,1.5914440155029297e-05
1744,3,0.057708740234375
1745,1,0.0003504753112792969
1746,1,0.045684814453125
1747,3,0.014190673828125
1748,1,0.0288848876953125
1749,2,0.0138702392578125
1750,4,0.0926513671875
1751,2,0.03643798828125
1752,4,0.0187530517578125
1753,1,0.04486083984375
1754,2,0.07366943359375
1755,4,0.05670166015625
1756,1,0.0198516845703125
1757,4,0.000720977783203125
1758,3,0.000545501708984375
1759,2,0.06982421875
1760,1,0.01377105712890625
1761,3,0.038543701171875
1762,1,0.00659942626953125
1763,1,0.0020275115966796875
1764,4,0.0192718505859375
1765,3,0.0140380859375
1766,3,0.0228271484375
1767,2,0.0189361572265625
1768,1,0.00347900390625
1769,4,0.036346435546875
1770,2,2.2113323211669922e-05
1771,3,0.0193328857421875
1772,2,0.050384521484375
1773,3,0.034271240234375
1774,2,0.00970458984375
1775,1,0.0157623291015625
1776,3,0.041656494140625
1777,1,0.06671142578125
1778,1,0.039703369140625
1779,1,0.0005192756652832031
1780,4,0.024566650390625
1781,3,0.0001436471939086914
1782,2,0.107421875
1783,3,0.0303802490234375
1784,1,7.593631744384766e-05
1785,1,0.0006480216979980469
1786,4,0.047393798828125
1787,2,0.00254058837890625
1788,4,0.0197296142578125
1789,3,0.046600341796875
1790,2,0.02264404296875
1791,3,0.0140380859375
1792,1,0.0214996337890625
1793,3,0.041351318359375
1794,1,0.03717041015625
1795,2,0.00024628639221191406
1796,1,0.006439208984375
1797,4,0.05450439453125
1798,2,0.02117919921875
1799,4,0.00632476806640625
1800,1,0.050689697265625
1801,4,0.06640625
1802,1,0.036651611328125
1803,4,0.0192718505859375
1804,1,8.416175842285156e-05
1805,4,0.050994873046875
1806,4,0.04644775390625
1807,3,0.073486328125
1808,2,0.01043701171875
1809,4,0.001720428466796875
1810,1,0.00018310546875
1811,1,0.031036376953125
1812,4,0.08172607421875
1813,2,0.024627685546875
1814,1,5.435943603515625e-05
1815,2,0.09088134765625
1816,1,0.01541900634765625
1817,1,0.0001341104507446289
1818,4,0.0509033203125
1819,3,0.00048160552978515625
1820,1,0.031005859375
1821,3,0.01497650146484375
1822,1,0.03631591796875
1823,4,0.0234527587890625
1824,2,0.034423828125
1825,3,0.023529052734375
1826,4,0.0296173095703125
1827,3,0.06329345703125
1828,1,0.0020294189453125
1829,2,0.0927734375
1830,1,0.1153564453125
1831,3,0.0178070068359375
1832,1,0.016082763671875
1833,1,0.047149658203125
1834,3,0.00231170654296875
1835,4,0.01947021484375
1836,3,0.0819091796875
1837,1,0.043609619140625
1838,3,0.04400634765625
1839,3,0.05889892578125
1840,4,0.0002002716064453125
1841,3,0.0775146484375
1842,1,0.019012451171875
1843,1,0.038360595703125
1844,1,0.05865478515625
1845,3,0.045867919921875
1846,4,1.5854835510253906e-05
1847,2,0.10748291015625
1848,2,0.06488037109375
1849,2,0.049957275390625
1850,4,0.03826904296875
1851,2,0.0013990402221679688
1852,2,0.021392822265625
1853,2,0.00043392181396484375
1854,1,8.821487426757812e-05
1855,3,0.00019037723541259766
1856,3,0.0226593017578125
1857,4,0.0465087890625
1858,4,0.03900146484375
1859,1,0.0755615234375
1860,1,0.0596923828125
1861,2,2.0503997802734375e-05
1862,1,0.08624267578125
1863,1,0.08343505859375
1864,1,0.0697021484375
1865,3,0.004299163818359375
1866,2,0.0238800048828125
1867,3,0.033355712890625
1868,2,0.04656982421875
1869,3,0.0301513671875
1870,1,0.020965576171875
1871,2,0.00882720947265625
1872,4,0.004085540771484375
1873,4,0.0799560546875
1874,3,0.0014677047729492188
1875,4,0.036865234375
1876,3,0.022735595703125
1877,1,0.047332763671875
1878,1,9.1552734375e-05
1879,1,0.002162933349609375
1880,3,0.06427001953125
1881,1,0.0211639404296875
1882,4,0.046966552734375
1883,1,0.04083251953125
1884,1,0.0275421142578125
1885,3,0.0255279541015625
1886,2,0.039764404296875
1887,3,0.04547119140625
1888,3,0.009185791015625
1889,3,0.0240325927734375
1890,2,0.08831787109375
1891,2,0.0255279541015625
1892,4,0.00016486644744873047
1893,2,0.03778076171875
1894,1,0.0009002685546875
1895,3,0.0157470703125
1896,3,0.01605224609375
1897,3,0.06591796875
1898,4,0.0010738372802734375
1899,1,0.014739990234375
1900,2,0.0604248046875
1901,1,0.00731658935546875
1902,4,0.047607421875
1903,1,0.06561279296875
1904,4,0.00931549072265625
1905,3,1.6987323760986328e-05
1906,3,0.00016176700592041016
1907,2,0.0653076171875
1908,3,0.00019037723541259766
1909,3,0.037994384765625
1910,1,0.057037353515625
1911,1,0.0278472900390625
1912,4,0.0151824951171875
1913,3,0.046661376953125
1914,3,0.0042266845703125
1915,1,0.027130126953125
1916,2,0.00022459030151367188
1917,1,0.0254364013671875
1918,2,0.0309906005859375
1919,3,0.039581298828125
1920,4,0.01192474365234375
1921,2,0.02789306640625
1922,1,0.065185546875
1923,2,0.051239013671875
1924,2,0.0108184814453125
1925,4,0.1025390625
1926,1,0.038177490234375
1927,4,0.0183258056640625
1928,4,0.053955078125
1929,3,0.1011962890625
1930,2,0.002490997314453125
1931,4,0.016082763671875
1932,3,0.020263671875
1933,1,0.0281829833984375
1934,3,0.0311126708984375
1935,1,0.00708770751953125
1936,3,0.043670654296875
1937,2,5.418062210083008e-05
1938,2,0.035491943359375
1939,1,0.05755615234375
1940,3,0.0295562744140625
1941,2,0.005950927734375
1942,3,0.00101470947265625
1943,3,0.01010894775390625
1944,4,0.0004162788391113281
1945,1,0.0716552734375
1946,2,0.033905029296875
1947,4,0.00010818243026733398
1948,3,0.071533203125
1949,4,0.0034542083740234375
1950,4,0.003017425537109375
1951,2,0.038818359375
1952,3,0.0009851455688476562
1953,1,0.021148681640625
1954,4,0.00872802734375
1955,3,0.017822265625
1956,1,0.0004611015319824219
1957,1,0.0180511474609375
1958,2,0.005764007568359375
1959,1,0.00042176246643066406
1960,3,0.046356201171875
1961,3,1.3709068298339844e-05
1962,1,0.0007219314575195312
1963,3,0.0004131793975830078
1964,1,0.0235748291015625
1965,3,0.0450439453125
1966,1,0.02960205078125
1967,1,0.06781005859375
1968,1,0.00855255126953125
1969,4,0.06817626953125
1970,3,0.0306549072265625
1971,3,0.048187255859375
1972,1,0.034149169921875
1973,4,0.0004246234893798828
1974,1,0.0005259513854980469
1975,3,0.07122802734375
1976,1,0.00013184547424316406
1977,2,0.040985107421875
1978,1,0.10003662109375
1979,3,0.0533447265625
1980,3,9.930133819580078e-05
1981,3,3.147125244140625e-05
1982,2,0.0014362335205078125
1983,4,0.038116455078125
1984,1,0.0498046875
1985,2,0.02532958984375
1986,4,0.05303955078125
1987,2,0.056182861328125
1988,1,0.061187744140625
1989,4,0.02691650390625
1990,1,0.0164947509765625
1991,4,0.1004638671875
1992,4,0.0328369140625
1993,4,0.0012254714965820312
1994,1,0.03643798828125
1995,3,0.0452880859375
1996,1,0.02569580078125
1997,2,0.0008287429809570312
1998,1,0.0005230903625488281
1999,1,0.01326751708984375
2000,4,0.0509033203125
2001,1,0.018798828125
2002,4,0.037506103515625
2003,4,0.043670654296875
2004,3,0.01500701904296875
2005,1,0.0362548828125
2006,2,0.0001552104949951172
2007,3,0.021697998046875
2008,3,0.04852294921875
2009,3,2.6345252990722656e-05
2010,2,0.0372314453125
2011,1,0.00015556812286376953
2012,3,0.049957275390625
2013,1,0.04400634765625
2014,1,0.00562286376953125
2015,2,0.0252685546875
2016,2,0.015716552734375
2017,3,0.0086822509765625
2018,2,0.0196685791015625
2019,2,0.05816650390625
2020,3,7.69495964050293e-05
2021,4,0.06536865234375
2022,2,0.03228759765625
2023,2,0.016510009765625
2024,2,0.0367431640625
2025,3,0.022003173828125
2026,2,0.026275634765625
2027,3,0.002017974853515625
2028,4,0.04998779296875
2029,2,0.05230712890625
2030,1,0.00017917156219482422
2031,3,0.09185791015625
2032,1,0.02960205078125
2033,3,0.058319091796875
2034,1,0.042022705078125
2035,1,0.0114593505859375
2036,4,0.000621795654296875
2037,2,0.11822509765625
2038,2,0.03948974609375
2039,2,0.041290283203125
2040,1,0.08502197265625
2041,1,0.01291656494140625
2042,3,0.048858642578125
2043,3,0.0011768341064453125
2044,4,0.00037217140197753906
2045,3,0.06915283203125
2046,1,0.0250244140625
2047,4,0.054962158203125
2048,3,0.054534912109375
2049,4,0.037994384765625
2050,4,0.0012969970703125
2051,1,0.050445556640625
2052,2,1.0251998901367188e-05
2053,2,3.349781036376953e-05
2054,2,0.02813720703125
2055,1,0.004608154296875
2056,3,0.0261077880859375
2057,4,0.03179931640625
2058,3,0.0025539398193359375
2059,4,0.041229248046875
2060,4,0.05535888671875
2061,4,0.038360595703125
2062,2,0.00038433074951171875
2063,3,0.0022220611572265625
2064,1,0.049774169921875
2065,3,0.05084228515625
2066,4,8.58306884765625e-06
2067,2,0.005462646484375
2068,2,0.00014638900756835938
2069,1,0.0186004638671875
2070,2,0.0325927734375
2071,4,0.0231475830078125
2072,3,0.0233154296875
2073,2,0.06597900390625
2074,4,5.0127506256103516e-05
2075,2,0.04315185546875
2076,1,0.049163818359375
2077,2,0.019287109375
2078,4,0.029022216796875
2079,1,0.0015268325805664062
2080,3,0.031402587890625
2081,1,0.046905517578125
2082,3,0.042022705078125
2083,2,0.00034236907958984375
2084,3,0.0738525390625
2085,1,0.03009033203125
2086,4,0.0018014907836914062
2087,2,0.0026702880859375
2088,2,0.000171661376953125
2089,2,0.0002474784851074219
2090,3,0.030914306640625
2091,3,0.06591796875
2092,3,0.088134765625
2093,3,0.059844970703125
2094,1,0.0655517578125
2095,2,0.08221435546875
2096,2,0.06011962890625
2097,2,0.027496337890625
2098,1,0.00024187564849853516
2099,1,0.00527191162109375
2100,1,0.0015306472778320312
2101,4,0.0065460205078125
2102,1,0.00788116455078125
2103,1,0.002773284912109375
2104,3,0.031768798828125
2105,4,0.0187835693359375
2106,4,0.0237884521484375
2107,1,0.006961822509765625
2108,4,0.0267791748046875
2109,1,0.0126190185546875
2110,1,0.03887939453125
2111,1,0.0055999755859375
2112,4,0.0595703125
2113,1,0.026214599609375
2114,1,0.04791259765625
2115,3,0.0123748779296875
2116,2,0.018829345703125
2117,1,0.0009899139404296875
2118,4,0.01366424560546875
2119,4,0.0679931640625
2120,4,0.052001953125
2121,2,0.07598876953125
2122,1,0.05340576171875
2123,3,0.00030922889709472656
2124,1,0.049468994140625
2125,2,7.68899917602539e-06
2126,1,0.06219482421875
2127,4,0.001041412353515625
2128,2,0.06695556640625
2129,2,0.029052734375
2130,1,0.06781005859375
2131,2,0.062286376953125
2132,3,0.039215087890625
2133,1,0.08740234375
2134,1,0.01152801513671875
2135,2,0.07012939453125
2136,3,0.00489044189453125
2137,1,0.041290283203125
2138,2,0.00878143310546875
2139,2,0.0103302001953125
2140,4,0.0002415180206298828
2141,4,0.034149169921875
2142,2,0.0225830078125
2143,1,0.0633544921875
2144,1,4.166364669799805e-05
2145,1,0.0006814002990722656
2146,2,0.00012362003326416016
2147,4,0.0401611328125
2148,2,0.02960205078125
2149,1,0.0004315376281738281
2150,1,0.0802001953125
2151,4,0.040802001953125
2152,1,9.357929229736328e-06
2153,4,0.08148193359375
2154,2,0.0243072509765625
2155,4,0.017730712890625
2156,3,0.032562255859375
2157,1,0.06689453125
2158,3,0.056884765625
2159,1,1.1026859283447266e-05
2160,1,0.06121826171875
2161,3,0.0352783203125
2162,4,0.062286376953125
2163,4,0.0258941650390625
2164,4,0.0308990478515625
2165,2,0.03143310546875
2166,3,0.0001628398895263672
2167,1,0.0199737548828125
2168,2,0.0411376953125
2169,4,0.0293121337890625
2170,3,0.07373046875
2171,3,0.0008082389831542969
2172,4,0.0164947509765625
2173,1,0.0574951171875
2174,1,0.0355224609375
2175,3,0.014892578125
2176,1,0.06671142578125
2177,3,0.0120391845703125
2178,3,0.0219879150390625
2179,1,0.02276611328125
2180,2,0.0369873046875
2181,4,0.024169921875
2182,2,0.04339599609375
2183,1,0.00727081298828125
2184,4,0.0188751220703125
2185,4,0.0069732666015625
2186,3,0.0307769775390625
2187,1,0.0235595703125
2188,4,0.02764892578125
2189,4,0.04669189453125
2190,1,0.0008258819580078125
2191,1,0.00142669677734375
2192,1,0.109130859375
2193,1,0.048553466796875
2194,3,0.0238800048828125
2195,3,0.082763671875
2196,2,0.0288543701171875
2197,4,0.015533447265625
2198,3,0.04888916015625
2199,3,5.3822994232177734e-05
2200,2,0.002323150634765625
2201,1,3.4868717193603516e-05
2202,3,0.0143585205078125
2203,3,0.00035452842712402344
2204,2,0.01523590087890625
2205,1,0.07562255859375
2206,1,0.0171356201171875
2207,1,0.0004379749298095703
2208,1,0.0755615234375
2209,1,0.0928955078125
2210,4,0.0230712890625
2211,3,0.04986572265625
2212,2,0.0025539398193359375
2213,4,0.06488037109375
2214,1,0.01055145263671875
2215,4,0.044403076171875
2216,3,0.0178985595703125
2217,1,0.0001170039176940918
2218,1,0.0127410888671875
2219,3,3.0994415283203125e-05
2220,2,5.692243576049805e-05
2221,2,0.03399658203125
2222,3,0.0294342041015625
2223,3,0.0291748046875
2224,2,0.03216552734375
2225,3,0.01001739501953125
2226,1,0.036346435546875
2227,2,0.0056915283203125
2228,4,0.00406646728515625
2229,2,0.071044921875
2230,3,0.0269775390625
2231,4,0.035308837890625
2232,4,0.068359375
2233,1,0.0292816162109375
2234,4,0.06768798828125
2235,1,0.031951904296875
2236,4,0.0181884765625
2237,2,0.06640625
2238,1,0.005847930908203125
2239,3,0.00018548965454101562
2240,4,0.0160064697265625
2241,1,0.00021731853485107422
2242,2,0.0222625732421875
2243,4,0.07666015625
2244,2,0.0294952392578125
2245,1,0.005298614501953125
2246,4,0.01506805419921875
2247,2,2.0503997802734375e-05
2248,2,0.0013856887817382812
2249,1,0.0023593902587890625
2250,4,0.0004210472106933594
2251,2,0.05810546875
2252,2,0.025299072265625
2253,3,0.0321044921875
2254,3,0.0740966796875
2255,2,0.001590728759765625
2256,1,0.04840087890625
2257,3,0.058319091796875
2258,1,0.0128173828125
2259,1,0.047607421875
2260,2,0.03875732421875
2261,2,2.8073787689208984e-05
2262,1,0.00555419921875
2263,1,0.0141143798828125
2264,4,0.028350830078125
2265,3,0.013763427734375
2266,2,0.01873779296875
2267,3,0.0465087890625
2268,4,0.07135009765625
2269,3,0.0001468658447265625
2270,4,0.01690673828125
2271,1,0.0753173828125
2272,1,0.0236358642578125
2273,4,0.03582763671875
2274,3,0.0015010833740234375
2275,1,0.036590576171875
2276,4,0.0103302001953125
2277,4,0.0007452964782714844
2278,1,0.0006213188171386719
2279,4,0.00020253658294677734
2280,3,0.00514984130859375
2281,1,0.0953369140625
2282,4,0.08038330078125
2283,1,0.00070953369140625
2284,1,0.0290069580078125
2285,1,0.0106964111328125
2286,3,0.0242156982421875
2287,4,0.0653076171875
2288,1,0.04376220703125
2289,1,0.09588623046875
2290,3,0.007465362548828125
2291,1,1.233816146850586e-05
2292,2,0.043731689453125
2293,4,0.0501708984375
2294,4,0.0001766681671142578
2295,2,0.00010061264038085938
2296,4,0.004253387451171875
2297,1,0.0284271240234375
2298,4,0.01293182373046875
2299,2,0.035552978515625
2300,3,0.01470184326171875
2301,4,0.031829833984375
2302,1,0.065185546875
2303,1,0.044647216796875
2304,3,0.0120849609375
2305,4,0.0001728534698486328
2306,1,0.03155517578125
2307,2,0.039794921875
2308,1,0.07373046875
2309,4,0.055389404296875
2310,2,0.0452880859375
2311,1,0.005718231201171875
2312,2,0.005397796630859375
2313,1,0.045379638671875
2314,3,0.03741455078125
2315,3,6.014108657836914e-05
2316,2,0.009490966796875
2317,2,0.02398681640625
2318,4,0.012298583984375
2319,3,0.01514434814453125
2320,4,0.039581298828125
2321,2,0.0377197265625
2322,1,0.0001277923583984375
2323,1,0.05242919921875
2324,1,0.0178680419921875
2325,3,0.0149993896484375
2326,2,0.05413818359375
2327,2,0.05621337890625
2328,2,0.024810791015625
2329,4,0.0253143310546875
2330,4,0.0289459228515625
2331,1,0.0007448196411132812
2332,3,0.047210693359375
2333,2,0.0596923828125
2334,1,0.0267181396484375
2335,4,0.0232086181640625
2336,3,0.0179595947265625
2337,2,0.07025146484375
2338,3,0.001583099365234375
2339,1,0.052459716796875
2340,4,0.03021240234375
2341,4,0.068115234375
2342,2,0.1002197265625
2343,4,0.0130157470703125
2344,2,0.0003445148468017578
2345,4,0.0022869110107421875
2346,2,0.021881103515625
2347,2,0.07635498046875
2348,4,0.019805908203125
2349,1,0.01355743408203125
2350,2,0.01560211181640625
2351,2,0.0282745361328125
2352,3,0.0374755859375
2353,1,0.011932373046875
2354,4,0.03753662109375
2355,4,0.019256591796875
2356,4,0.0008683204650878906
2357,2,0.00951385498046875
2358,3,0.0308837890625
2359,1,0.035614013671875
2360,4,0.007251739501953125
2361,4,0.00023412704467773438
2362,4,0.032257080078125
2363,4,0.006252288818359375
2364,1,0.00011080503463745117
2365,3,0.0195770263671875
2366,3,0.041839599609375
2367,3,0.039764404296875
2368,3,0.0543212890625
2369,4,0.04541015625
2370,4,0.060882568359375
2371,4,0.01062774658203125
2372,1,0.08966064453125
2373,2,0.03643798828125
2374,2,0.042327880859375
2375,1,0.0264892578125
2376,1,0.0640869140625
2377,4,0.0253753662109375
2378,2,0.03704833984375
2379,3,0.041107177734375
2380,3,0.0269012451171875
2381,4,5.7697296142578125e-05
2382,3,0.0170745849609375
2383,1,0.05963134765625
2384,1,0.036590576171875
2385,2,0.0256500244140625
2386,2,0.046722412109375
2387,1,0.037841796875
2388,3,0.00011515617370605469
2389,4,0.0010175704956054688
2390,3,0.0194091796875
2391,3,0.0399169921875
2392,2,0.0618896484375
2393,3,0.038665771484375
2394,1,0.08612060546875
2395,4,0.03375244140625
2396,2,0.01161956787109375
2397,2,0.00013148784637451172
2398,2,0.01392364501953125
2399,4,0.06634521484375
2400,2,0.0009307861328125
2401,4,0.04541015625
2402,2,2.3245811462402344e-05
2403,2,0.02239990234375
2404,3,0.06396484375
2405,2,0.01111602783203125
2406,1,0.0007109642028808594
2407,3,0.01204681396484375
2408,1,0.07489013671875
2409,3,0.0016222000122070312
2410,2,0.07586669921875
2411,2,0.0001666545867919922
2412,4,0.0207061767578125
2413,1,0.057159423828125
2414,3,0.0006585121154785156
2415,2,0.1025390625
2416,1,0.0036678314208984375
2417,3,2.467632293701172e-05
2418,2,0.040618896484375
2419,2,0.02838134765625
2420,4,0.00021195411682128906
2421,4,0.0267333984375
2422,3,0.058624267578125
2423,2,0.048187255859375
2424,2,0.041046142578125
2425,4,0.0014591217041015625
2426,2,0.019683837890625
2427,2,0.00035858154296875
2428,4,0.012939453125
2429,1,9.119510650634766e-05
2430,1,2.2292137145996094e-05
2431,2,0.00022017955780029297
2432,1,0.0169525146484375
2433,3,0.03607177734375
2434,4,0.00646209716796875
2435,1,0.00013434886932373047
2436,3,0.0189361572265625
2437,3,0.02276611328125
2438,4,0.01727294921875
2439,3,0.0294952392578125
2440,2,0.0170135498046875
2441,1,0.052764892578125
2442,4,0.0010232925415039062
2443,4,0.051116943359375
2444,1,0.0731201171875
2445,2,0.01352691650390625
2446,1,0.00014019012451171875
2447,2,0.0102081298828125
2448,3,0.092529296875
2449,2,0.07025146484375
2450,3,0.0189361572265625
2451,3,0.0161590576171875
2452,4,0.00201416015625
2453,2,0.0435791015625
2454,4,0.04931640625
2455,1,0.0018672943115234375
2456,3,0.05670166015625
2457,3,0.0228118896484375
2458,3,0.00803375244140625
2459,2,3.224611282348633e-05
2460,1,0.034332275390625
2461,4,0.0082855224609375
2462,4,0.0006461143493652344
2463,2,0.11639404296875
2464,3,0.0701904296875
2465,1,0.0804443359375
2466,1,0.032958984375
2467,3,0.0250091552734375
2468,1,0.0001634359359741211
2469,1,0.0011491775512695312
2470,3,0.018096923828125
2471,2,0.051116943359375
2472,3,0.0217742919921875
2473,3,0.0010528564453125
2474,3,0.0025463104248046875
2475,3,0.02001953125
2476,1,0.004093170166015625
2477,2,0.1171875
2478,3,0.1751708984375
2479,3,0.004444122314453125
2480,1,0.068603515625
2481,2,0.057373046875
2482,2,0.06597900390625
2483,4,0.0379638671875
2484,1,0.00750732421875
2485,2,0.009429931640625
2486,4,0.06829833984375
2487,1,0.032379150390625
2488,4,0.03240966796875
2489,1,0.105224609375
2490,4,0.044342041015625
2491,2,0.035064697265625
2492,2,0.031890869140625
2493,4,3.3915042877197266e-05
2494,2,0.033355712890625
2495,3,0.045318603515625
2496,3,0.037994384765625
2497,4,0.039031982421875
2498,1,0.01435089111328125
2499,4,0.00047397613525390625
2500,3,0.0294342041015625
2501,2,0.0538330078125
2502,2,0.0343017578125
2503,3,0.057159423828125
2504,3,0.02996826171875
2505,1,0.00644683837890625
2506,1,0.0037250518798828125
2507,2,0.0123443603515625
2508,2,0.020904541015625
2509,3,0.14990234375
2510,4,0.00255584716796875
2511,3,0.090576171875
2512,2,0.02313232421875
2513,1,0.039337158203125
2514,2,0.0033740997314453125
2515,2,0.061492919921875
2516,3,0.0300140380859375
2517,4,0.0008921623229980469
2518,1,0.0011072158813476562
2519,2,0.0092010498046875
2520,2,0.0408935546875
2521,2,0.047027587890625
2522,1,0.0465087890625
2523,4,0.0197906494140625
2524,3,0.01377105712890625
2525,1,0.001979827880859375
2526,1,0.072265625
2527,2,0.047332763671875
2528,2,0.006809234619140625
2529,2,0.0015687942504882812
2530,4,8.600950241088867e-05
2531,2,0.06268310546875
2532,3,0.061492919921875
2533,4,0.03411865234375
2534,3,0.0025806427001953125
2535,1,0.00011897087097167969
2536,2,2.4378299713134766e-05
2537,1,0.0011568069458007812
2538,1,1.430511474609375e-06
2539,2,1.7881393432617188e-05
2540,2,0.0301055908203125
2541,3,0.0193939208984375
2542,4,0.039794921875
2543,1,0.007358551025390625
2544,1,0.00814056396484375
2545,1,5.888938903808594e-05
2546,2,0.0276947021484375
2547,1,0.0012331008911132812
2548,1,0.1156005859375
2549,1,3.7729740142822266e-05
2550,2,0.0005140304565429688
2551,2,0.04010009765625
2552,2,0.033905029296875
2553,1,0.02972412109375
2554,3,0.0028400421142578125
2555,3,0.0069427490234375
2556,3,0.062469482421875
2557,4,0.008514404296875
2558,1,0.031280517578125
2559,1,0.025970458984375
2560,1,0.00463104248046875
2561,1,0.04913330078125
2562,4,0.028839111328125
2563,4,0.0347900390625
2564,1,0.00726318359375
2565,2,0.12005615234375
2566,3,0.05010986328125
2567,3,0.04022216796875
2568,4,0.021453857421875
2569,3,0.03204345703125
2570,4,0.051849365234375
2571,3,0.08026123046875
2572,4,0.00780487060546875
2573,4,0.06427001953125
2574,1,0.01522064208984375
2575,2,0.060028076171875
2576,1,0.0028705596923828125
2577,4,0.051025390625
2578,4,0.072998046875
2579,1,0.044189453125
2580,1,0.07452392578125
2581,2,7.838010787963867e-05
2582,1,0.0044708251953125
2583,1,2.193450927734375e-05
2584,3,0.01229095458984375
2585,1,0.022216796875
2586,4,0.0010814666748046875
2587,1,6.341934204101562e-05
2588,1,0.00010406970977783203
2589,4,0.0106658935546875
2590,2,0.003437042236328125
2591,3,0.0007390975952148438
2592,3,0.0092315673828125
2593,4,0.04534912109375
2594,2,0.01192474365234375
2595,1,0.00012052059173583984
2596,3,0.02508544921875
2597,1,0.0038242340087890625
2598,4,5.1081180572509766e-05
2599,1,0.05328369140625
2600,3,0.0017824172973632812
2601,4,0.03424072265625
2602,2,0.0006084442138671875
2603,4,0.05218505859375
2604,3,0.04522705078125
2605,3,0.008087158203125
2606,2,0.010589599609375
2607,1,3.129243850708008e-05
2608,3,0.0210723876953125
2609,4,0.0271148681640625
2610,2,0.0011072158813476562
2611,2,0.06329345703125
2612,1,0.033477783203125
2613,3,0.0443115234375
2614,2,0.020416259765625
2615,2,0.044036865234375
2616,3,0.0240020751953125
2617,3,0.0199432373046875
2618,1,0.04193115234375
2619,3,7.033348083496094e-05
2620,4,0.0160369873046875
2621,1,0.0024509429931640625
2622,3,0.006771087646484375
2623,1,0.01837158203125
2624,1,4.982948303222656e-05
2625,1,0.027374267578125
2626,1,0.00017952919006347656
2627,2,0.007381439208984375
2628,1,0.0904541015625
2629,4,0.048492431640625
2630,2,0.0002911090850830078
2631,2,0.07891845703125
2632,3,0.0089874267578125
2633,4,0.041259765625
2634,1,0.04925537109375
2635,1,0.037841796875
2636,4,0.049468994140625
2637,1,0.0751953125
2638,2,7.516145706176758e-05
2639,4,0.040557861328125
2640,3,9.417533874511719e-06
2641,2,0.060516357421875
2642,1,0.01503753662109375
2643,2,0.08056640625
2644,1,0.055633544921875
2645,3,0.0056610107421875
2646,3,0.051513671875
2647,2,0.00013184547424316406
2648,2,0.0787353515625
2649,2,0.0025634765625
2650,2,0.0015773773193359375
2651,1,0.05316162109375
2652,4,0.047576904296875
2653,2,0.005970001220703125
2654,4,0.0012292861938476562
2655,3,0.07269287109375
2656,1,0.0026454925537109375
2657,1,0.0002028942108154297
2658,2,0.0282440185546875
2659,4,4.279613494873047e-05
2660,2,0.0245819091796875
2661,4,0.0540771484375
2662,2,0.0411376953125
2663,1,0.00025582313537597656
2664,2,0.02545166015625
2665,4,0.01151275634765625
2666,3,9.065866470336914e-05
2667,1,0.000530242919921875
2668,1,0.0174560546875
2669,2,0.01076507568359375
2670,4,0.04791259765625
2671,2,0.07012939453125
2672,3,0.07232666015625
2673,2,0.0682373046875
2674,3,0.028839111328125
2675,1,0.025543212890625
2676,4,0.0677490234375
2677,3,0.0214385986328125
2678,1,0.0166473388671875
2679,4,0.031951904296875
2680,3,0.04754638671875
2681,4,0.00010335445404052734
2682,1,0.00640106201171875
2683,4,0.051727294921875
2684,2,0.00589752197265625
2685,4,0.059783935546875
2686,2,0.038787841796875
2687,3,0.0185089111328125
2688,4,3.796815872192383e-05
2689,4,0.014068603515625
2690,1,0.038909912109375
2691,1,0.047149658203125
2692,4,0.0845947265625
2693,1,0.004627227783203125
2694,1,0.05059814453125
2695,2,0.027740478515625
2696,1,0.02020263671875
2697,1,0.07025146484375
2698,4,0.046966552734375
2699,2,0.021820068359375
2700,1,0.0160369873046875
2701,2,0.0440673828125
2702,2,0.0576171875
2703,1,0.02825927734375
2704,1,0.0222625732421875
2705,1,0.0010004043579101562
2706,4,0.03375244140625
2707,2,0.054168701171875
2708,3,0.005237579345703125
2709,2,0.060272216796875
2710,1,0.002017974853515625
2711,3,0.00887298583984375
2712,2,0.00021767616271972656
2713,3,0.0112457275390625
2714,4,0.0362548828125
2715,4,0.0058746337890625
2716,2,0.01983642578125
2717,4,0.046630859375
2718,3,0.0738525390625
2719,1,0.12359619140625
2720,2,0.0296173095703125
2721,1,0.0007991790771484375
2722,2,0.06048583984375
2723,4,0.05157470703125
2724,4,0.00018072128295898438
2725,2,0.0152587890625
2726,2,0.020782470703125
2727,2,2.580881118774414e-05
2728,2,0.05657958984375
2729,3,0.07501220703125
2730,2,0.0290374755859375
2731,3,0.05462646484375
2732,4,0.0305023193359375
2733,4,0.0556640625
2734,2,0.034393310546875
2735,3,0.03912353515625
2736,1,0.0032634735107421875
2737,4,0.01543426513671875
2738,2,0.044158935546875
2739,2,0.0396728515625
2740,3,0.030548095703125
2741,4,0.040802001953125
2742,1,0.0196075439453125
2743,3,0.04608154296875
2744,2,0.01947021484375
2745,1,0.00850677490234375
2746,1,3.3915042877197266e-05
2747,1,0.005481719970703125
2748,3,0.0281982421875
2749,3,0.032257080078125
2750,1,0.0477294921875
2751,2,0.0626220703125
2752,4,0.073974609375
2753,3,0.037933349609375
2754,4,0.09124755859375
2755,4,0.03131103515625
2756,2,0.0204010009765625
2757,1,0.0643310546875
2758,4,0.0229644775390625
2759,2,0.0175628662109375
2760,3,0.0859375
2761,4,6.639957427978516e-05
2762,2,0.0027618408203125
2763,4,0.0701904296875
2764,2,6.556510925292969e-06
2765,3,0.025177001953125
2766,3,0.036224365234375
2767,3,0.05572509765625
2768,2,0.004428863525390625
2769,1,0.01091766357421875
2770,1,0.0266265869140625
2771,2,0.0003452301025390625
2772,4,0.018524169921875
2773,4,0.038726806640625
2774,3,0.05682373046875
2775,2,6.085634231567383e-05
2776,1,0.056549072265625
2777,3,0.08154296875
2778,3,0.0171356201171875
2779,2,0.09039306640625
2780,4,0.0015001296997070312
2781,1,0.0003008842468261719
2782,2,0.0225067138671875
2783,2,0.07781982421875
2784,4,0.0011138916015625
2785,4,0.0013265609741210938
2786,4,0.0232391357421875
2787,4,0.033355712890625
2788,1,0.02239990234375
2789,1,0.0660400390625
2790,4,0.00018274784088134766
2791,2,0.00021898746490478516
2792,3,0.040557861328125
2793,1,7.677078247070312e-05
2794,4,0.056915283203125
2795,3,0.0234375
2796,1,0.030303955078125
2797,4,0.001163482666015625
2798,1,0.04803466796875
2799,4,0.01153564453125
2800,4,0.01062774658203125
2801,3,0.02630615234375
2802,2,0.05181884765625
2803,2,0.0219573974609375
2804,1,8.285045623779297e-06
2805,1,0.01360321044921875
2806,2,0.01447296142578125
2807,2,0.0308837890625
2808,2,0.0838623046875
2809,3,0.00461578369140625
2810,2,0.01013946533203125
2811,3,0.071533203125
2812,4,0.018402099609375
2813,2,0.058807373046875
2814,1,0.05438232421875
2815,4,0.03533935546875
2816,1,0.037322998046875
2817,1,0.00011169910430908203
2818,3,0.060272216796875
2819,1,0.06719970703125
2820,1,0.0325927734375
2821,3,0.058441162109375
2822,2,0.04559326171875
2823,4,0.0281524658203125
2824,3,0.038299560546875
2825,1,0.014007568359375
2826,2,9.363889694213867e-05
2827,4,0.0357666015625
2828,2,0.00942230224609375
2829,1,0.002063751220703125
2830,2,0.04730224609375
2831,1,0.0015239715576171875
2832,1,0.061370849609375
2833,3,0.04547119140625
2834,1,0.01212310791015625
2835,3,0.0670166015625
2836,1,0.040374755859375
2837,3,0.0002651214599609375
2838,1,0.053802490234375
2839,3,0.0279388427734375
2840,3,0.0003409385681152344
2841,2,0.056976318359375
2842,2,0.012664794921875
2843,1,0.05743408203125
2844,4,6.687641143798828e-05
2845,3,0.0372314453125
2846,2,0.00021564960479736328
2847,1,0.0006966590881347656
2848,1,1.71661376953125e-05
2849,3,0.0245208740234375
2850,2,0.03271484375
2851,4,0.022674560546875
2852,2,0.016448974609375
2853,2,0.0361328125
2854,3,0.03564453125
2855,1,0.00888824462890625
2856,3,0.00015628337860107422
2857,2,0.0272979736328125
2858,4,0.0030002593994140625
2859,2,0.01934814453125
2860,3,0.03790283203125
2861,4,5.2034854888916016e-05
2862,1,0.07940673828125
2863,3,0.03887939453125
2864,2,0.014129638671875
2865,3,0.014068603515625
2866,1,0.019073486328125
2867,1,0.0023956298828125
2868,1,0.00046825408935546875
2869,1,0.034088134765625
2870,1,0.007171630859375
2871,4,0.040740966796875
2872,1,0.0589599609375
2873,4,0.022857666015625
2874,2,0.02947998046875
2875,1,0.0005140304565429688
2876,1,0.017181396484375
2877,4,0.00891876220703125
2878,1,0.0238189697265625
2879,4,0.008758544921875
2880,2,0.0640869140625
2881,3,0.0479736328125
2882,4,0.0152587890625
2883,4,0.00020110607147216797
2884,2,0.0014848709106445312
2885,2,0.005764007568359375
2886,1,0.058319091796875
2887,3,0.050537109375
2888,3,0.0350341796875
2889,4,0.07635498046875
2890,4,0.001979827880859375
2891,4,0.00858306884765625
2892,2,0.0467529296875
2893,2,0.0171051025390625
2894,2,0.032196044921875
2895,2,9.429454803466797e-05
2896,1,0.01049041748046875
2897,2,0.009796142578125
2898,1,0.018218994140625
2899,2,0.0295562744140625
2900,4,0.032867431640625
2901,2,0.06378173828125
2902,2,0.01009368896484375
2903,3,7.164478302001953e-05
2904,3,0.0210113525390625
2905,1,0.036712646484375
2906,3,0.0018415451049804688
2907,2,2.4557113647460938e-05
2908,3,0.025421142578125
2909,2,0.0645751953125
2910,1,0.0229339599609375
2911,3,0.0012254714965820312
2912,4,0.0255126953125
2913,1,0.0396728515625
2914,1,0.018218994140625
2915,2,0.08807373046875
2916,2,0.0207672119140625
2917,2,0.032958984375
2918,3,0.0853271484375
2919,1,0.0005173683166503906
2920,4,0.03753662109375
2921,3,0.0406494140625
2922,1,0.0767822265625
2923,2,0.0247955322265625
2924,3,0.006744384765625
2925,2,9.775161743164062e-06
2926,3,0.043304443359375
2927,2,0.00026726722717285156
2928,1,0.046630859375
2929,2,0.0335693359375
2930,2,0.050750732421875
2931,1,0.0011739730834960938
2932,1,2.4616718292236328e-05
2933,1,0.0030059814453125
2934,2,0.048431396484375
2935,1,0.061309814453125
2936,3,0.0033931732177734375
2937,1,0.06353759765625
2938,1,0.00902557373046875
2939,1,0.0001062154769897461
2940,2,0.0631103515625
2941,2,0.00347137451171875
2942,1,0.021209716796875
2943,1,0.08856201171875
2944,2,0.001171112060546875
2945,1,0.0205841064453125
2946,3,0.034759521484375
2947,1,1.633167266845703e-05
2948,3,0.002346038818359375
2949,3,0.0188446044921875
2950,3,9.02414321899414e-05
2951,4,1.3172626495361328e-05
2952,3,0.005279541015625
2953,1,0.00010597705841064453
2954,4,0.022979736328125
2955,1,0.0654296875
2956,1,0.06890869140625
2957,2,0.0112457275390625
2958,4,0.029632568359375
2959,3,6.812810897827148e-05
2960,3,0.04779052734375
2961,1,0.016876220703125
2962,2,0.01108551025390625
2963,2,0.072509765625
2964,1,0.07421875
2965,3,0.053924560546875
2966,3,0.031402587890625
2967,1,0.0233306884765625
2968,3,0.0010814666748046875
2969,1,0.055816650390625
2970,2,0.0160064697265625
2971,4,7.998943328857422e-05
2972,4,0.01259613037109375
2973,2,0.053985595703125
2974,3,0.0257415771484375
2975,1,2.0325183868408203e-05
2976,1,0.0306243896484375
2977,2,0.00519561767578125
2978,4,0.0029754638671875
2979,4,0.0009927749633789062
2980,4,0.03350830078125
2981,4,0.050201416015625
2982,4,0.04150390625
2983,4,0.032867431640625
2984,2,5.614757537841797e-05
2985,1,0.063720703125
2986,3,0.0012350082397460938
2987,1,0.002590179443359375
2988,2,0.05108642578125
2989,2,0.058074951171875
2990,3,0.049713134765625
2991,4,0.0280303955078125
2992,4,0.0229034423828125
2993,2,0.038665771484375
2994,2,0.0404052734375
2995,3,0.0283050537109375
2996,1,0.03204345703125
2997,3,0.00046443939208984375
2998,1,0.07421875
2999,3,0.0001366138458251953
3000,3,0.00823974609375
3001,4,0.0143890380859375
3002,1,0.0142364501953125
3003,2,0.01105499267578125
3004,4,0.011627197265625
3005,2,5.08427619934082e-05
3006,1,0.0001800060272216797
3007,3,0.000152587890625
3008,2,0.00074005126953125
3009,2,0.0252532958984375
3010,2,0.01007080078125
3011,1,0.06817626953125
3012,3,0.0001728534698486328
3013,1,0.00015676021575927734
3014,3,0.00022840499877929688
3015,1,0.1043701171875
3016,4,9.03010368347168e-05
3017,3,0.0005927085876464844
3018,2,0.0005159378051757812
3019,3,8.71419906616211e-05
3020,3,0.0004317760467529297
3021,2,0.051483154296875
3022,3,0.004184722900390625
3023,1,0.01439666748046875
3024,2,0.07257080078125
3025,4,0.00814056396484375
3026,2,0.031707763671875
3027,3,0.1376953125
3028,3,0.00911712646484375
3029,3,0.047271728515625
3030,4,0.034698486328125
3031,2,0.00719451904296875
3032,1,0.0853271484375
3033,1,0.07220458984375
3034,4,0.0482177734375
3035,4,0.03924560546875
3036,1,7.605552673339844e-05
3037,1,0.00173187255859375
3038,4,0.0518798828125
3039,4,0.006328582763671875
3040,1,4.184246063232422e-05
3041,1,0.07611083984375
3042,3,0.0115814208984375
3043,1,0.070068359375
3044,3,0.0176849365234375
3045,3,0.08123779296875
3046,1,0.061553955078125
3047,1,0.0264434814453125
3048,1,0.00012362003326416016
3049,4,0.0257568359375
3050,4,0.0226593017578125
3051,4,0.041229248046875
3052,3,0.00025916099548339844
3053,3,0.038177490234375
3054,4,0.0117950439453125
3055,1,0.032806396484375
3056,3,0.048126220703125
3057,3,0.0297698974609375
3058,2,0.040008544921875
3059,4,0.028900146484375
3060,1,0.0259246826171875
3061,4,0.0008802413940429688
3062,1,4.023313522338867e-05
3063,4,0.00017750263214111328
3064,4,0.039154052734375
3065,3,0.01383209228515625
3066,3,2.658367156982422e-05
3067,1,0.0377197265625
3068,1,0.0662841796875
3069,4,0.031494140625
3070,1,0.0158843994140625
3071,2,0.057861328125
3072,2,0.07794189453125
3073,2,0.063720703125
3074,2,0.055389404296875
3075,2,9.715557098388672e-06
3076,3,0.023223876953125
3077,4,0.006420135498046875
3078,1,0.050079345703125
3079,4,0.06549072265625
3080,2,0.0010614395141601562
3081,4,0.02227783203125
3082,3,0.0005283355712890625
3083,1,9.936094284057617e-05
3084,1,0.047760009765625
3085,4,0.0009393692016601562
3086,4,0.051666259765625
3087,2,0.04620361328125
3088,2,0.011138916015625
3089,3,0.0765380859375
3090,4,0.039947509765625
3091,1,0.013031005859375
3092,1,0.0731201171875
3093,3,0.0222930908203125
3094,4,0.02569580078125
3095,3,0.037689208984375
3096,3,0.0216064453125
3097,2,0.013641357421875
3098,1,0.062469482421875
3099,3,0.04583740234375
3100,1,0.05377197265625
3101,1,0.004566192626953125
3102,1,0.06585693359375
3103,4,0.0009622573852539062
3104,2,0.0277862548828125
3105,2,0.023406982421875
3106,2,0.0285491943359375
3107,2,0.03564453125
3108,4,1.3828277587890625e-05
3109,2,0.06103515625
3110,1,0.0004229545593261719
3111,1,0.05792236328125
3112,2,0.052001953125
3113,1,0.022674560546875
3114,1,0.0013561248779296875
3115,4,0.0036411285400390625
3116,1,0.060333251953125
3117,2,0.035919189453125
3118,2,0.0184478759765625
3119,2,0.0017709732055664062
3120,2,0.004566192626953125
3121,3,0.0531005859375
3122,3,0.07476806640625
3123,1,0.00022459030151367188
3124,1,0.0001825094223022461
3125,1,0.06866455078125
3126,2,2.3365020751953125e-05
3127,4,0.017730712890625
3128,2,5.5670738220214844e-05
3129,3,0.03741455078125
3130,1,0.061065673828125
3131,1,0.0755615234375
3132,2,0.0151519775390625
3133,1,0.043426513671875
3134,4,0.0008649826049804688
3135,4,0.064453125
3136,1,0.064208984375
3137,3,0.0015840530395507812
3138,2,0.0775146484375
3139,2,0.039825439453125
3140,1,0.020172119140625
3141,2,0.00659942626953125
3142,2,0.017974853515625
3143,1,0.036468505859375
3144,3,0.0911865234375
3145,3,0.05670166015625
3146,2,0.0002620220184326172
3147,2,0.0411376953125
3148,2,0.0045623779296875
3149,1,0.00290679931640625
3150,3,0.022003173828125
3151,2,0.004558563232421875
3152,1,0.02069091796875
3153,3,0.0160064697265625
3154,1,0.0003788471221923828
3155,1,0.01568603515625
3156,2,0.036590576171875
3157,3,0.06451416015625
3158,3,0.0595703125
3159,3,0.052886962890625
3160,4,0.0044097900390625
3161,4,0.0032501220703125
3162,2,0.00014972686767578125
3163,1,6.842613220214844e-05
3164,4,5.269050598144531e-05
3165,4,5.042552947998047e-05
3166,3,0.09375
3167,1,0.036041259765625
3168,2,0.00019502639770507812
3169,4,0.0026073455810546875
3170,4,7.462501525878906e-05
3171,1,0.013702392578125
3172,4,0.08917236328125
3173,2,1.6808509826660156e-05
3174,3,0.05029296875
3175,1,0.004421234130859375
3176,2,0.03216552734375
3177,2,0.005367279052734375
3178,2,0.0014400482177734375
3179,4,0.043609619140625
3180,3,0.0237579345703125
3181,3,0.0005712509155273438
3182,2,0.0087432861328125
3183,4,0.00699615478515625
3184,2,0.037567138671875
3185,1,0.0005054473876953125
3186,3,0.02935791015625
3187,4,0.033050537109375
3188,1,0.0281982421875
3189,2,0.045867919921875
3190,1,0.0082244873046875
3191,2,0.1514892578125
3192,3,0.0005679130554199219
3193,2,0.039886474609375
3194,3,0.05560302734375
3195,2,0.037322998046875
3196,4,7.95125961303711e-05
3197,3,0.0215911865234375
3198,1,0.042449951171875
3199,2,0.01329803466796875
3200,1,0.0275726318359375
3201,3,0.012481689453125
3202,1,0.0173797607421875
3203,4,0.026123046875
3204,2,0.023345947265625
3205,1,0.0281524658203125
3206,1,0.01349639892578125
3207,4,0.0167388916015625
3208,2,0.0245361328125
3209,4,0.0516357421875
3210,4,0.0002689361572265625
3211,3,0.006801605224609375
3212,1,0.037322998046875
3213,4,0.041595458984375
3214,2,0.036346435546875
3215,2,0.03118896484375
3216,3,0.0167694091796875
3217,1,6.920099258422852e-05
3218,1,0.0545654296875
3219,1,0.07098388671875
3220,3,0.046051025390625
3221,2,0.038360595703125
3222,1,0.00014734268188476562
3223,3,0.034912109375
3224,3,0.01468658447265625
3225,4,0.01541900634765625
3226,2,0.0538330078125
3227,3,0.01554107666015625
3228,2,0.04010009765625
3229,3,0.03631591796875
3230,3,3.600120544433594e-05
3231,3,0.0004887580871582031
3232,3,0.004711151123046875
3233,4,0.054779052734375
3234,1,0.04595947265625
3235,3,0.046417236328125
3236,4,0.047210693359375
3237,2,0.0260162353515625
3238,4,0.002452850341796875
3239,4,0.07958984375
3240,2,0.06805419921875
3241,3,0.0396728515625
3242,3,0.0275421142578125
3243,1,0.144775390625
3244,3,2.956390380859375e-05
3245,3,0.03216552734375
3246,3,0.0003955364227294922
3247,2,0.0035858154296875
3248,4,0.00621795654296875
3249,1,0.0033016204833984375
3250,1,0.07806396484375
3251,1,0.052001953125
3252,3,0.1009521484375
3253,1,0.0643310546875
3254,1,0.0128936767578125
3255,4,0.038421630859375
3256,4,0.0877685546875
3257,1,0.0643310546875
3258,4,0.01885986328125
3259,1,1.2099742889404297e-05
3260,3,0.00024116039276123047
3261,3,0.01206207275390625
3262,4,0.1182861328125
3263,3,0.030120849609375
3264,2,0.006504058837890625
3265,4,0.0001175999641418457
3266,4,0.05255126953125
3267,1,1.615285873413086e-05
3268,1,0.0007014274597167969
3269,2,0.0006546974182128906
3270,4,0.0311126708984375
3271,2,0.047271728515625
3272,4,0.04217529296875
3273,4,0.00406646728515625
3274,3,0.023590087890625
3275,3,0.0308837890625
3276,3,0.0204925537109375
3277,2,0.0241851806640625
3278,3,0.0180816650390625
3279,2,0.00042366981506347656
3280,4,0.057464599609375
3281,4,0.059722900390625
3282,4,0.0220489501953125
3283,4,0.0391845703125
3284,2,0.07598876953125
3285,1,0.034332275390625
3286,2,0.03631591796875
3287,4,0.031890869140625
3288,4,0.0005559921264648438
3289,3,0.07257080078125
3290,4,0.06671142578125
3291,4,0.0010461807250976562
3292,3,0.052703857421875
3293,2,0.016632080078125
3294,2,0.041229248046875
3295,4,0.11529541015625
3296,4,0.009674072265625
3297,4,0.03985595703125
3298,2,0.0169525146484375
3299,3,0.006671905517578125
3300,1,0.0234222412109375
3301,4,0.06597900390625
3302,3,0.033355712890625
3303,1,0.0022430419921875
3304,2,0.039642333984375
3305,2,0.00902557373046875
3306,3,0.10797119140625
3307,1,0.0005650520324707031
3308,4,2.866983413696289e-05
3309,2,0.07867431640625
3310,4,0.03192138671875
3311,4,0.033599853515625
3312,1,0.03350830078125
3313,4,0.028350830078125
3314,4,0.023040771484375
3315,1,0.0002796649932861328
3316,1,0.0161590576171875
3317,2,0.0156402587890625
3318,2,0.0289306640625
3319,4,0.0567626953125
3320,3,0.027862548828125
3321,3,0.00044846534729003906
3322,4,0.0621337890625
3323,1,0.0151214599609375
3324,4,0.0117645263671875
3325,3,0.0299835205078125
3326,3,0.054473876953125
3327,1,0.0290985107421875
3328,2,0.0006527900695800781
3329,2,4.202127456665039e-05
3330,2,0.0170745849609375
3331,1,0.01568603515625
3332,1,0.00032806396484375
3333,3,0.057586669921875
3334,1,0.0401611328125
3335,3,0.052642822265625
3336,3,0.05859375
3337,1,0.0217437744140625
3338,4,0.022247314453125
3339,2,0.00710296630859375
3340,4,0.063720703125
3341,3,0.0142974853515625
3342,3,0.029693603515625
3343,1,0.01513671875
3344,3,0.0004642009735107422
3345,1,0.0367431640625
3346,2,0.0277862548828125
3347,2,0.020599365234375
3348,1,0.015594482421875
3349,1,0.11773681640625
3350,2,0.034027099609375
3351,4,0.005588531494140625
3352,3,0.0162353515625
3353,4,0.045196533203125
3354,2,0.0423583984375
3355,3,0.0077056884765625
3356,4,0.04693603515625
3357,4,0.0565185546875
3358,3,0.0004432201385498047
3359,4,0.0009455680847167969
3360,2,9.936094284057617e-05
3361,1,0.02996826171875
3362,4,0.000652313232421875
3363,2,0.0192108154296875
3364,3,0.01175689697265625
3365,3,0.09539794921875
3366,2,0.045135498046875
3367,3,0.023193359375
3368,1,0.0290985107421875
3369,1,0.056365966796875
3370,3,0.01287078857421875
3371,3,0.0056915283203125
3372,1,0.049072265625
3373,3,0.03826904296875
3374,1,2.574920654296875e-05
3375,4,0.043975830078125
3376,2,0.030242919921875
3377,3,0.0233612060546875
3378,4,0.0014390945434570312
3379,3,0.029541015625
3380,2,0.0826416015625
3381,2,1.4185905456542969e-05
3382,4,0.0020904541015625
3383,1,0.010833740234375
3384,4,0.03717041015625
3385,2,0.05157470703125
3386,2,0.02178955078125
3387,1,0.041290283203125
3388,1,0.05712890625
3389,3,0.03424072265625
3390,4,0.0023250579833984375
3391,2,0.0263214111328125
3392,4,0.00022876262664794922
3393,1,0.013885498046875
3394,2,0.046356201171875
3395,4,0.018096923828125
3396,4,0.043182373046875
3397,4,0.0251007080078125
3398,1,0.0770263671875
3399,1,0.0310211181640625
3400,3,2.4974346160888672e-05
3401,2,0.057098388671875
3402,2,0.05316162109375
3403,2,8.571147918701172e-05
3404,2,0.0237274169921875
3405,2,0.0650634765625
3406,3,0.031768798828125
3407,1,0.0288543701171875
3408,2,0.05084228515625
3409,1,0.0297698974609375
3410,2,0.00012969970703125
3411,1,0.00013375282287597656
3412,2,0.0032444000244140625
3413,2,0.05242919921875
3414,2,0.0015687942504882812
3415,4,0.10333251953125
3416,4,0.01418304443359375
3417,2,0.044586181640625
3418,3,0.03326416015625
3419,3,0.0100860595703125
3420,1,0.06890869140625
3421,4,0.049591064453125
3422,1,0.047088623046875
3423,1,0.07513427734375
3424,2,0.019073486328125
3425,2,0.0282440185546875
3426,2,0.04296875
3427,4,0.006671905517578125
3428,1,0.07757568359375
3429,4,0.043975830078125
3430,1,0.01251983642578125
3431,3,0.02655029296875
3432,3,0.01131439208984375
3433,1,0.0004775524139404297
3434,1,0.036834716796875
3435,3,0.05389404296875
3436,4,0.0019664764404296875
3437,2,0.051361083984375
3438,3,0.042388916015625
3439,3,0.0333251953125
3440,1,0.0299835205078125
3441,4,0.04052734375
3442,1,0.002666473388671875
3443,1,0.06866455078125
3444,3,0.06744384765625
3445,2,0.0230712890625
3446,1,0.07421875
3447,3,0.0302886962890625
3448,4,0.0010700225830078125
3449,1,0.060882568359375
3450,1,0.00931549072265625
3451,2,0.00415802001953125
3452,2,0.0189361572265625
3453,3,0.01788330078125
3454,4,0.0001518726348876953
3455,3,0.01340484619140625
3456,2,0.060546875
3457,1,0.0017347335815429688
3458,2,0.0139617919921875
3459,3,0.0302734375
3460,3,0.040924072265625
3461,3,0.07489013671875
3462,4,0.08624267578125
3463,2,0.0022716522216796875
3464,4,0.047943115234375
3465,3,0.01528167724609375
3466,3,0.04925537109375
3467,3,0.045989990234375
3468,3,0.052734375
3469,2,0.015655517578125
3470,4,0.06988525390625
3471,4,0.0002765655517578125
3472,3,0.00583648681640625
3473,2,0.056884765625
3474,4,0.0660400390625
3475,2,0.0169830322265625
3476,4,0.05010986328125
3477,3,0.0009050369262695312
3478,2,0.07354736328125
3479,2,0.037353515625
3480,2,0.01445770263671875
3481,2,0.0628662109375
3482,4,0.01483154296875
3483,1,0.0041961669921875
3484,4,0.0797119140625
3485,3,0.033599853515625
3486,1,0.03521728515625
3487,2,0.033355712890625
3488,3,0.036834716796875
3489,4,0.0007572174072265625
3490,1,0.062255859375
3491,3,0.0170745849609375
3492,1,0.0020294189453125
3493,2,0.0712890625
3494,4,0.052764892578125
3495,4,0.01242828369140625
3496,1,0.06768798828125
3497,2,0.09661865234375
3498,2,0.04547119140625
3499,4,0.0167694091796875
3500,1,0.0096282958984375
3501,2,0.036285400390625
3502,1,0.01082611083984375
3503,2,0.0004279613494873047
3504,1,0.07061767578125
3505,3,0.00010263919830322266
3506,1,8.094310760498047e-05
3507,2,0.08331298828125
3508,4,0.02081298828125
3509,3,0.0013942718505859375
3510,3,0.015777587890625
3511,4,0.003437042236328125
3512,4,0.0002982616424560547
3513,1,4.6193599700927734e-05
3514,1,0.0234222412109375
3515,3,0.02691650390625
3516,2,0.0252227783203125
3517,4,0.034637451171875
3518,3,0.00142669677734375
3519,4,0.0010499954223632812
3520,2,0.01056671142578125
3521,4,0.02459716796875
3522,2,4.673004150390625e-05
3523,3,0.0003058910369873047
3524,3,0.031829833984375
3525,3,0.0007572174072265625
3526,3,0.020111083984375
3527,2,0.003925323486328125
3528,4,0.10443115234375
3529,4,0.019073486328125
3530,1,0.0008206367492675781
3531,1,0.007587432861328125
3532,2,0.0298614501953125
3533,3,0.039459228515625
3534,3,0.049163818359375
3535,4,8.094310760498047e-05
3536,1,0.06915283203125
3537,3,0.04425048828125
3538,1,0.0187835693359375
3539,3,0.0257415771484375
3540,2,7.522106170654297e-05
3541,3,0.048492431640625
3542,3,0.0293731689453125
3543,4,0.034454345703125
3544,2,0.03118896484375
3545,4,0.0076904296875
3546,1,0.036163330078125
3547,1,0.07000732421875
3548,2,0.08819580078125
3549,4,4.9233436584472656e-05
3550,1,0.072265625
3551,2,0.04595947265625
3552,1,0.036590576171875
3553,2,0.00814056396484375
3554,2,0.0267181396484375
3555,2,0.00016832351684570312
3556,2,0.0298004150390625
3557,2,0.0162353515625
3558,1,0.01153564453125
3559,3,0.00582122802734375
3560,2,0.04364013671875
3561,1,0.002460479736328125
3562,2,0.00013744831085205078
3563,3,0.042327880859375
3564,4,0.040374755859375
3565,2,0.007965087890625
3566,1,0.0167694091796875
3567,2,0.032318115234375
3568,1,0.168212890625
3569,3,0.09368896484375
3570,3,0.0467529296875
3571,1,0.00388336181640625
3572,4,0.0855712890625
3573,1,0.0274658203125
3574,2,0.004825592041015625
3575,1,0.06121826171875
3576,4,0.01983642578125
3577,1,0.0009393692016601562
3578,4,0.0682373046875
3579,3,0.0216522216796875
3580,1,0.0171051025390625
3581,3,0.01428985595703125
3582,2,0.035369873046875
3583,1,0.007053375244140625
3584,2,0.0203399658203125
3585,3,0.010833740234375
3586,4,0.0298004150390625
3587,1,0.070556640625
3588,4,5.710124969482422e-05
3589,4,0.046905517578125
3590,1,0.055419921875
3591,1,0.0428466796875
3592,3,0.03387451171875
3593,3,0.0006999969482421875
3594,2,0.032989501953125
3595,4,0.01306915283203125
3596,3,0.01416015625
3597,2,0.00063323974609375
3598,4,0.004062652587890625
3599,3,0.0457763671875
3600,1,0.015838623046875
3601,4,0.036346435546875
3602,1,0.042816162109375
3603,4,0.0389404296875
3604,2,0.0310516357421875
3605,3,0.09271240234375
3606,2,0.07708740234375
3607,1,0.06689453125
3608,4,0.03167724609375
3609,1,4.982948303222656e-05
3610,3,0.050811767578125
3611,2,0.02337646484375
3612,1,0.01157379150390625
3613,2,0.004062652587890625
3614,4,0.05242919921875
3615,2,0.035797119140625
3616,1,0.0216217041015625
3617,1,0.04052734375
3618,3,0.060577392578125
3619,2,0.031494140625
3620,1,4.8279762268066406e-05
3621,3,7.766485214233398e-05
3622,1,0.036285400390625
3623,1,0.0192413330078125
3624,2,9.298324584960938e-05
3625,1,1.2874603271484375e-05
3626,4,0.0016422271728515625
3627,2,0.038665771484375
3628,3,4.231929779052734e-06
3629,2,0.0361328125
3630,3,0.0341796875
3631,4,0.00013554096221923828
3632,4,0.022064208984375
3633,1,0.056854248046875
3634,3,0.0679931640625
3635,1,0.0433349609375
3636,2,0.012847900390625
3637,2,0.04425048828125
3638,2,0.00011920928955078125
3639,4,0.045196533203125
3640,4,0.018280029296875
3641,1,0.07769775390625
3642,3,0.0273895263671875
3643,4,0.00018358230590820312
3644,4,3.3915042877197266e-05
3645,1,0.00017702579498291016
3646,3,0.0264739990234375
3647,3,0.040283203125
3648,1,0.037139892578125
3649,4,0.08123779296875
3650,3,0.0009822845458984375
3651,1,0.0003936290740966797
3652,1,0.0972900390625
3653,3,0.0252685546875
3654,4,0.0235443115234375
3655,4,0.0232391357421875
3656,1,0.0194854736328125
3657,2,0.0005359649658203125
3658,2,7.784366607666016e-05
3659,4,0.0009665489196777344
3660,4,0.00428009033203125
3661,2,0.05169677734375
3662,2,0.01361083984375
3663,1,0.01364898681640625
3664,2,0.03875732421875
3665,3,7.772445678710938e-05
3666,2,0.06427001953125
3667,3,0.034210205078125
3668,4,0.0012845993041992188
3669,4,0.0115966796875
3670,4,0.01471710205078125
3671,3,0.0216064453125
3672,1,0.00940704345703125
3673,1,0.0230712890625
3674,1,0.02362060546875
3675,1,0.055145263671875
3676,2,0.02099609375
3677,3,0.00010848045349121094
3678,4,0.0004897117614746094
3679,4,0.001575469970703125
3680,1,0.0013294219970703125
3681,4,0.0328369140625
3682,2,0.031463623046875
3683,4,0.012115478515625
3684,1,0.06573486328125
3685,3,0.0004596710205078125
3686,3,0.04229736328125
3687,1,0.0020580291748046875
3688,4,0.042572021484375
3689,4,0.0189056396484375
3690,2,0.0248870849609375
3691,2,0.01296234130859375
3692,2,0.00010949373245239258
3693,1,0.0157012939453125
3694,2,0.0240325927734375
3695,1,0.0753173828125
3696,1,0.04315185546875
3697,4,0.0006418228149414062
3698,1,8.237361907958984e-05
3699,3,0.035369873046875
3700,1,0.020263671875
3701,4,0.003948211669921875
3702,1,0.05328369140625
3703,1,0.05194091796875
3704,1,9.036064147949219e-05
3705,3,0.062408447265625
3706,1,0.0792236328125
3707,4,0.0462646484375
3708,3,0.02593994140625
3709,1,7.081031799316406e-05
3710,4,0.037078857421875
3711,4,0.0745849609375
3712,2,1.5079975128173828e-05
3713,4,0.03607177734375
3714,4,0.0145111083984375
3715,3,0.04656982421875
3716,3,0.0003120899200439453
3717,1,0.0232696533203125
3718,1,0.0635986328125
3719,2,0.0333251953125
3720,1,0.00014269351959228516
3721,1,0.00897979736328125
3722,4,0.0002353191375732422
3723,2,0.037811279296875
3724,1,0.0499267578125
3725,4,0.07562255859375
3726,3,0.061004638671875
3727,4,9.202957153320312e-05
3728,4,0.04461669921875
3729,2,0.002613067626953125
3730,2,0.04644775390625
3731,4,7.903575897216797e-05
3732,4,0.0218353271484375
3733,1,0.0019989013671875
3734,3,0.04974365234375
3735,4,0.0285797119140625
3736,4,0.07623291015625
3737,2,1.2636184692382812e-05
3738,3,0.0138702392578125
3739,2,0.00023603439331054688
3740,1,3.814697265625e-05
3741,2,0.00968170166015625
3742,4,0.01505279541015625
3743,2,0.0350341796875
3744,2,0.026214599609375
3745,2,0.00010943412780761719
3746,4,0.036834716796875
3747,4,0.0133056640625
3748,2,0.07659912109375
3749,1,0.00010788440704345703
3750,3,1.239776611328125e-05
3751,2,0.05438232421875
3752,3,0.0008087158203125
3753,3,0.01053619384765625
3754,4,0.00818634033203125
3755,4,0.042938232421875
3756,1,0.0012388229370117188
3757,4,0.017822265625
3758,3,0.01186370849609375
3759,2,0.06121826171875
3760,1,0.0206146240234375
3761,2,0.035430908203125
3762,3,0.0220794677734375
3763,1,0.01922607421875
3764,3,0.001953125
3765,4,0.039306640625
3766,3,0.0009207725524902344
3767,2,0.024627685546875
3768,4,0.00043129920959472656
3769,4,0.004405975341796875
3770,1,0.037200927734375
3771,2,0.058502197265625
3772,1,2.205371856689453e-05
3773,2,0.0182342529296875
3774,2,0.0438232421875
3775,3,0.000270843505859375
3776,4,0.046875
3777,1,2.9087066650390625e-05
3778,1,0.01849365234375
3779,2,0.0406494140625
3780,2,0.0537109375
3781,3,7.43865966796875e-05
3782,2,0.045013427734375
3783,2,0.041839599609375
3784,1,0.0002512931823730469
3785,3,0.0447998046875
3786,1,0.055389404296875
3787,4,0.033721923828125
3788,4,0.01470947265625
3789,1,0.0088043212890625
3790,1,0.07464599609375
3791,2,0.0614013671875
3792,2,0.0008645057678222656
3793,3,0.0265045166015625
3794,2,0.0281524658203125
3795,1,0.0303497314453125
3796,1,0.050048828125
3797,1,0.0176239013671875
3798,4,0.04193115234375
3799,4,0.037017822265625
3800,4,0.0193328857421875
3801,2,0.0592041015625
3802,4,0.026214599609375
3803,4,0.0228118896484375
3804,2,0.0504150390625
3805,3,0.09771728515625
3806,4,0.058349609375
3807,3,0.017242431640625
3808,1,0.01273345947265625
3809,2,0.10272216796875
3810,1,0.050323486328125
3811,4,5.7578086853027344e-05
3812,2,0.038665771484375
3813,2,0.01180267333984375
3814,4,0.028656005859375
3815,3,0.0182952880859375
3816,2,0.00016987323760986328
3817,1,0.0706787109375
3818,4,0.00841522216796875
3819,3,0.0020160675048828125
3820,1,0.0257568359375
3821,3,0.0182037353515625
3822,1,0.0758056640625
3823,1,0.0014858245849609375
3824,4,0.015899658203125
3825,3,0.00539398193359375
3826,2,0.03955078125
3827,2,0.053619384765625
3828,3,0.03436279296875
3829,1,0.0031871795654296875
3830,4,0.0160064697265625
3831,1,2.4199485778808594e-05
3832,2,0.044677734375
3833,2,0.03839111328125
3834,2,0.04925537109375
3835,1,7.081031799316406e-05
3836,1,0.00011986494064331055
3837,2,0.0736083984375
3838,1,6.0617923736572266e-05
3839,3,0.0701904296875
3840,1,0.036163330078125
3841,4,0.01313018798828125
3842,3,0.04693603515625
3843,4,0.02349853515625
3844,4,0.064453125
3845,4,0.0302886962890625
3846,1,0.0396728515625
3847,3,0.016571044921875
3848,2,0.0032863616943359375
3849,1,0.029388427734375
3850,2,0.041015625
3851,1,0.01934814453125
3852,4,0.0107879638671875
3853,4,0.07574462890625
3854,3,0.0027523040771484375
3855,2,0.0109710693359375
3856,2,0.0016832351684570312
3857,1,0.06427001953125
3858,3,0.043975830078125
3859,1,0.026092529296875
3860,1,0.04974365234375
3861,1,0.032073974609375
3862,4,0.03839111328125
3863,3,0.038909912109375
3864,1,0.01468658447265625
3865,1,0.03875732421875
3866,1,0.00656890869140625
3867,1,0.042999267578125
3868,1,0.005512237548828125
3869,2,0.040557861328125
3870,1,4.398822784423828e-05
3871,2,0.047576904296875
3872,1,0.0011892318725585938
3873,4,0.091796875
3874,4,0.0224151611328125
3875,2,5.3942203521728516e-05
3876,1,0.017974853515625
3877,1,0.028533935546875
3878,1,5.2034854888916016e-05
3879,1,0.0250396728515625
3880,4,0.00012874603271484375
3881,3,0.034515380859375
3882,1,0.0002841949462890625
3883,4,1.633167266845703e-05
3884,4,0.03546142578125
3885,3,0.0294342041015625
3886,3,0.02703857421875
3887,2,0.0011816024780273438
3888,1,0.028076171875
3889,2,0.0404052734375
3890,2,0.0162506103515625
3891,2,0.042999267578125
3892,4,0.0200958251953125
3893,1,0.0015916824340820312
3894,3,0.01560211181640625
3895,2,0.030517578125
3896,3,0.0791015625
3897,2,0.04254150390625
3898,2,0.0238494873046875
3899,4,0.00673675537109375
3900,3,0.046875
3901,3,3.8683414459228516e-05
3902,2,0.0638427734375
3903,1,0.0269317626953125
3904,1,0.09075927734375
3905,1,0.0384521484375
3906,2,0.0076751708984375
3907,2,0.07171630859375
3908,3,0.00032711029052734375
3909,1,0.021697998046875
3910,3,0.023040771484375
3911,4,6.663799285888672e-05
3912,3,0.0270843505859375
3913,4,0.0253448486328125
3914,4,0.0020503997802734375
3915,4,0.042510986328125
3916,3,0.00015473365783691406
3917,1,0.0418701171875
3918,1,0.021820068359375
3919,3,0.0234375
3920,1,0.0008540153503417969
3921,2,0.055328369140625
3922,4,0.01702880859375
3923,4,0.0229339599609375
3924,1,0.01226043701171875
3925,2,0.02227783203125
3926,4,0.08038330078125
3927,2,0.0125732421875
3928,3,0.021514892578125
3929,4,0.01194000244140625
3930,2,0.0167999267578125
3931,1,0.07342529296875
3932,4,0.09576416015625
3933,1,0.0004019737243652344
3934,1,0.0853271484375
3935,2,0.09967041015625
3936,2,0.1175537109375
3937,2,0.01355743408203125
3938,4,5.6862831115722656e-05
3939,1,6.389617919921875e-05
3940,1,0.0233154296875
3941,1,0.059356689453125
